Initial,Final,Cost Function,Algorithm,Objective Found,Path Cost,Generated Nodes,Visited Nodes,Randomization
"(0,3)","(2,3)",c1,DFS,True,700,6846,1756,True
"(0,3)","(2,3)",c1,BFS,True,20,18,6,True
"(0,3)","(2,3)",c2,DFS,True,50,16,5,True
"(0,3)","(2,3)",c2,BFS,True,30,25,8,True
"(0,3)","(2,3)",c3,DFS,True,42,15,5,True
"(0,3)","(2,3)",c3,BFS,True,25,25,8,True
"(0,3)","(2,3)",c4,DFS,True,44,16,5,True
"(0,3)","(2,3)",c4,BFS,True,25,21,7,True
"(0,3)","(2,3)",c1,DFS,True,80,30,9,True
"(0,3)","(2,3)",c1,BFS,True,20,14,5,True
"(0,3)","(2,3)",c2,DFS,True,3360,1860,473,True
"(0,3)","(2,3)",c2,BFS,True,30,28,9,True
"(0,3)","(2,3)",c3,DFS,True,4358,4993,1278,True
"(0,3)","(2,3)",c3,BFS,True,25,28,9,True
"(0,3)","(2,3)",c4,DFS,True,25,8,3,True
"(0,3)","(2,3)",c4,BFS,True,25,28,9,True
"(0,3)","(2,3)",c1,DFS,True,40,16,5,True
"(0,3)","(2,3)",c1,BFS,True,20,25,8,True
"(0,3)","(2,3)",c2,DFS,True,350,104,30,True
"(0,3)","(2,3)",c2,BFS,True,30,18,6,True
"(0,3)","(2,3)",c3,DFS,True,25,8,3,True
"(0,3)","(2,3)",c3,BFS,True,25,14,5,True
"(0,3)","(2,3)",c4,DFS,True,3843,1950,502,True
"(0,3)","(2,3)",c4,BFS,True,25,14,5,True
"(0,3)","(2,3)",c1,DFS,True,4220,2906,750,True
"(0,3)","(2,3)",c1,BFS,True,20,21,7,True
"(0,3)","(2,3)",c2,DFS,True,390,162,45,True
"(0,3)","(2,3)",c2,BFS,True,30,14,5,True
"(0,3)","(2,3)",c3,DFS,True,62,23,7,True
"(0,3)","(2,3)",c3,BFS,True,25,28,9,True
"(0,3)","(2,3)",c4,DFS,True,81,29,9,True
"(0,3)","(2,3)",c4,BFS,True,25,28,9,True
"(0,3)","(2,3)",c1,DFS,True,40,16,5,True
"(0,3)","(2,3)",c1,BFS,True,20,21,7,True
"(0,3)","(2,3)",c2,DFS,True,180,63,19,True
"(0,3)","(2,3)",c2,BFS,True,30,14,5,True
"(0,3)","(2,3)",c3,DFS,True,5018,3182,816,True
"(0,3)","(2,3)",c3,BFS,True,25,21,7,True
"(0,3)","(2,3)",c4,DFS,True,197,80,23,True
"(0,3)","(2,3)",c4,BFS,True,25,28,9,True
"(0,3)","(2,3)",c1,DFS,True,1060,6517,1670,True
"(0,3)","(2,3)",c1,BFS,True,20,18,6,True
"(0,3)","(2,3)",c2,DFS,True,6370,3879,1002,True
"(0,3)","(2,3)",c2,BFS,True,30,18,6,True
"(0,3)","(2,3)",c3,DFS,True,5260,2365,610,True
"(0,3)","(2,3)",c3,BFS,True,25,21,7,True
"(0,3)","(2,3)",c4,DFS,True,2642,5032,1296,True
"(0,3)","(2,3)",c4,BFS,True,25,21,7,True
"(0,3)","(2,3)",c1,DFS,True,1900,913,235,True
"(0,3)","(2,3)",c1,BFS,True,20,28,9,True
"(0,3)","(2,3)",c2,DFS,True,50,15,5,True
"(0,3)","(2,3)",c2,BFS,True,30,18,6,True
"(0,3)","(2,3)",c3,DFS,True,308,102,29,True
"(0,3)","(2,3)",c3,BFS,True,25,25,8,True
"(0,3)","(2,3)",c4,DFS,True,77,27,9,True
"(0,3)","(2,3)",c4,BFS,True,25,22,7,True
"(0,3)","(2,3)",c1,DFS,True,1240,519,134,True
"(0,3)","(2,3)",c1,BFS,True,20,14,5,True
"(0,3)","(2,3)",c2,DFS,True,620,224,61,True
"(0,3)","(2,3)",c2,BFS,True,30,21,7,True
"(0,3)","(2,3)",c3,DFS,True,25,8,3,True
"(0,3)","(2,3)",c3,BFS,True,25,28,9,True
"(0,3)","(2,3)",c4,DFS,True,171,68,19,True
"(0,3)","(2,3)",c4,BFS,True,25,28,9,True
"(0,3)","(2,3)",c1,DFS,True,600,251,65,True
"(0,3)","(2,3)",c1,BFS,True,20,14,5,True
"(0,3)","(2,3)",c2,DFS,True,230,65,19,True
"(0,3)","(2,3)",c2,BFS,True,30,21,7,True
"(0,3)","(2,3)",c3,DFS,True,225,99,28,True
"(0,3)","(2,3)",c3,BFS,True,25,28,9,True
"(0,3)","(2,3)",c4,DFS,True,25,8,3,True
"(0,3)","(2,3)",c4,BFS,True,25,28,9,True
"(0,3)","(2,3)",c1,DFS,True,160,59,17,True
"(0,3)","(2,3)",c1,BFS,True,20,18,6,True
"(0,3)","(2,3)",c2,DFS,True,120,38,12,True
"(0,3)","(2,3)",c2,BFS,True,30,18,6,True
"(0,3)","(2,3)",c3,DFS,True,44,16,5,True
"(0,3)","(2,3)",c3,BFS,True,25,22,7,True
"(0,3)","(2,3)",c4,DFS,True,42,15,5,True
"(0,3)","(2,3)",c4,BFS,True,25,25,8,True
"(2,1)","(2,1)",c1,DFS,True,0,1,1,True
"(2,1)","(2,1)",c1,BFS,True,0,1,1,True
"(2,1)","(2,1)",c2,DFS,True,0,1,1,True
"(2,1)","(2,1)",c2,BFS,True,0,1,1,True
"(2,1)","(2,1)",c3,DFS,True,0,1,1,True
"(2,1)","(2,1)",c3,BFS,True,0,1,1,True
"(2,1)","(2,1)",c4,DFS,True,0,1,1,True
"(2,1)","(2,1)",c4,BFS,True,0,1,1,True
"(2,1)","(2,1)",c1,DFS,True,0,1,1,True
"(2,1)","(2,1)",c1,BFS,True,0,1,1,True
"(2,1)","(2,1)",c2,DFS,True,0,1,1,True
"(2,1)","(2,1)",c2,BFS,True,0,1,1,True
"(2,1)","(2,1)",c3,DFS,True,0,1,1,True
"(2,1)","(2,1)",c3,BFS,True,0,1,1,True
"(2,1)","(2,1)",c4,DFS,True,0,1,1,True
"(2,1)","(2,1)",c4,BFS,True,0,1,1,True
"(2,1)","(2,1)",c1,DFS,True,0,1,1,True
"(2,1)","(2,1)",c1,BFS,True,0,1,1,True
"(2,1)","(2,1)",c2,DFS,True,0,1,1,True
"(2,1)","(2,1)",c2,BFS,True,0,1,1,True
"(2,1)","(2,1)",c3,DFS,True,0,1,1,True
"(2,1)","(2,1)",c3,BFS,True,0,1,1,True
"(2,1)","(2,1)",c4,DFS,True,0,1,1,True
"(2,1)","(2,1)",c4,BFS,True,0,1,1,True
"(2,1)","(2,1)",c1,DFS,True,0,1,1,True
"(2,1)","(2,1)",c1,BFS,True,0,1,1,True
"(2,1)","(2,1)",c2,DFS,True,0,1,1,True
"(2,1)","(2,1)",c2,BFS,True,0,1,1,True
"(2,1)","(2,1)",c3,DFS,True,0,1,1,True
"(2,1)","(2,1)",c3,BFS,True,0,1,1,True
"(2,1)","(2,1)",c4,DFS,True,0,1,1,True
"(2,1)","(2,1)",c4,BFS,True,0,1,1,True
"(2,1)","(2,1)",c1,DFS,True,0,1,1,True
"(2,1)","(2,1)",c1,BFS,True,0,1,1,True
"(2,1)","(2,1)",c2,DFS,True,0,1,1,True
"(2,1)","(2,1)",c2,BFS,True,0,1,1,True
"(2,1)","(2,1)",c3,DFS,True,0,1,1,True
"(2,1)","(2,1)",c3,BFS,True,0,1,1,True
"(2,1)","(2,1)",c4,DFS,True,0,1,1,True
"(2,1)","(2,1)",c4,BFS,True,0,1,1,True
"(2,1)","(2,1)",c1,DFS,True,0,1,1,True
"(2,1)","(2,1)",c1,BFS,True,0,1,1,True
"(2,1)","(2,1)",c2,DFS,True,0,1,1,True
"(2,1)","(2,1)",c2,BFS,True,0,1,1,True
"(2,1)","(2,1)",c3,DFS,True,0,1,1,True
"(2,1)","(2,1)",c3,BFS,True,0,1,1,True
"(2,1)","(2,1)",c4,DFS,True,0,1,1,True
"(2,1)","(2,1)",c4,BFS,True,0,1,1,True
"(2,1)","(2,1)",c1,DFS,True,0,1,1,True
"(2,1)","(2,1)",c1,BFS,True,0,1,1,True
"(2,1)","(2,1)",c2,DFS,True,0,1,1,True
"(2,1)","(2,1)",c2,BFS,True,0,1,1,True
"(2,1)","(2,1)",c3,DFS,True,0,1,1,True
"(2,1)","(2,1)",c3,BFS,True,0,1,1,True
"(2,1)","(2,1)",c4,DFS,True,0,1,1,True
"(2,1)","(2,1)",c4,BFS,True,0,1,1,True
"(2,1)","(2,1)",c1,DFS,True,0,1,1,True
"(2,1)","(2,1)",c1,BFS,True,0,1,1,True
"(2,1)","(2,1)",c2,DFS,True,0,1,1,True
"(2,1)","(2,1)",c2,BFS,True,0,1,1,True
"(2,1)","(2,1)",c3,DFS,True,0,1,1,True
"(2,1)","(2,1)",c3,BFS,True,0,1,1,True
"(2,1)","(2,1)",c4,DFS,True,0,1,1,True
"(2,1)","(2,1)",c4,BFS,True,0,1,1,True
"(2,1)","(2,1)",c1,DFS,True,0,1,1,True
"(2,1)","(2,1)",c1,BFS,True,0,1,1,True
"(2,1)","(2,1)",c2,DFS,True,0,1,1,True
"(2,1)","(2,1)",c2,BFS,True,0,1,1,True
"(2,1)","(2,1)",c3,DFS,True,0,1,1,True
"(2,1)","(2,1)",c3,BFS,True,0,1,1,True
"(2,1)","(2,1)",c4,DFS,True,0,1,1,True
"(2,1)","(2,1)",c4,BFS,True,0,1,1,True
"(2,1)","(2,1)",c1,DFS,True,0,1,1,True
"(2,1)","(2,1)",c1,BFS,True,0,1,1,True
"(2,1)","(2,1)",c2,DFS,True,0,1,1,True
"(2,1)","(2,1)",c2,BFS,True,0,1,1,True
"(2,1)","(2,1)",c3,DFS,True,0,1,1,True
"(2,1)","(2,1)",c3,BFS,True,0,1,1,True
"(2,1)","(2,1)",c4,DFS,True,0,1,1,True
"(2,1)","(2,1)",c4,BFS,True,0,1,1,True
"(3,0)","(1,2)",c1,DFS,True,140,52,15,True
"(3,0)","(1,2)",c1,BFS,True,40,72,21,True
"(3,0)","(1,2)",c2,DFS,True,230,70,19,True
"(3,0)","(1,2)",c2,BFS,True,50,60,18,True
"(3,0)","(1,2)",c3,DFS,True,312,109,31,True
"(3,0)","(1,2)",c3,BFS,True,44,57,17,True
"(3,0)","(1,2)",c4,DFS,True,1966,849,221,True
"(3,0)","(1,2)",c4,BFS,True,42,57,17,True
"(3,0)","(1,2)",c1,DFS,True,40,15,5,True
"(3,0)","(1,2)",c1,BFS,True,40,69,20,True
"(3,0)","(1,2)",c2,DFS,True,6870,3865,1001,True
"(3,0)","(1,2)",c2,BFS,True,50,57,17,True
"(3,0)","(1,2)",c3,DFS,True,1048,6626,1699,True
"(3,0)","(1,2)",c3,BFS,True,43,72,21,True
"(3,0)","(1,2)",c4,DFS,True,62,22,7,True
"(3,0)","(1,2)",c4,BFS,True,43,72,21,True
"(3,0)","(1,2)",c1,DFS,True,80,31,9,True
"(3,0)","(1,2)",c1,BFS,True,40,57,17,True
"(3,0)","(1,2)",c2,DFS,True,890,6662,1708,True
"(3,0)","(1,2)",c2,BFS,True,50,57,17,True
"(3,0)","(1,2)",c3,DFS,True,42,16,5,True
"(3,0)","(1,2)",c3,BFS,True,41,77,22,True
"(3,0)","(1,2)",c4,DFS,True,915,6659,1707,True
"(3,0)","(1,2)",c4,BFS,True,41,72,21,True
"(3,0)","(1,2)",c1,DFS,True,180,7122,1828,True
"(3,0)","(1,2)",c1,BFS,True,40,69,20,True
"(3,0)","(1,2)",c2,DFS,True,3360,5430,1401,True
"(3,0)","(1,2)",c2,BFS,True,50,76,22,True
"(3,0)","(1,2)",c3,DFS,True,4852,4014,1028,True
"(3,0)","(1,2)",c3,BFS,True,42,61,18,True
"(3,0)","(1,2)",c4,DFS,True,539,222,59,True
"(3,0)","(1,2)",c4,BFS,True,44,57,17,True
"(3,0)","(1,2)",c1,DFS,True,60,21,7,True
"(3,0)","(1,2)",c1,BFS,True,40,76,22,True
"(3,0)","(1,2)",c2,DFS,True,50,15,5,True
"(3,0)","(1,2)",c2,BFS,True,50,60,18,True
"(3,0)","(1,2)",c3,DFS,True,66,21,7,True
"(3,0)","(1,2)",c3,BFS,True,43,75,22,True
"(3,0)","(1,2)",c4,DFS,True,78,27,9,True
"(3,0)","(1,2)",c4,BFS,True,41,69,20,True
"(3,0)","(1,2)",c1,DFS,True,720,389,101,True
"(3,0)","(1,2)",c1,BFS,True,40,57,17,True
"(3,0)","(1,2)",c2,DFS,True,100,27,9,True
"(3,0)","(1,2)",c2,BFS,True,50,57,17,True
"(3,0)","(1,2)",c3,DFS,True,663,6774,1732,True
"(3,0)","(1,2)",c3,BFS,True,41,77,22,True
"(3,0)","(1,2)",c4,DFS,True,1941,852,220,True
"(3,0)","(1,2)",c4,BFS,True,43,75,22,True
"(3,0)","(1,2)",c1,DFS,True,60,19,7,True
"(3,0)","(1,2)",c1,BFS,True,40,75,22,True
"(3,0)","(1,2)",c2,DFS,True,100,30,9,True
"(3,0)","(1,2)",c2,BFS,True,50,60,18,True
"(3,0)","(1,2)",c3,DFS,True,4382,5077,1307,True
"(3,0)","(1,2)",c3,BFS,True,45,75,22,True
"(3,0)","(1,2)",c4,DFS,True,5072,2833,735,True
"(3,0)","(1,2)",c4,BFS,True,42,69,20,True
"(3,0)","(1,2)",c1,DFS,True,60,24,7,True
"(3,0)","(1,2)",c1,BFS,True,40,72,21,True
"(3,0)","(1,2)",c2,DFS,True,6580,3133,811,True
"(3,0)","(1,2)",c2,BFS,True,50,72,21,True
"(3,0)","(1,2)",c3,DFS,True,133,54,16,True
"(3,0)","(1,2)",c3,BFS,True,43,57,17,True
"(3,0)","(1,2)",c4,DFS,True,3139,2116,554,True
"(3,0)","(1,2)",c4,BFS,True,45,60,18,True
"(3,0)","(1,2)",c1,DFS,True,60,23,7,True
"(3,0)","(1,2)",c1,BFS,True,40,60,18,True
"(3,0)","(1,2)",c2,DFS,True,1780,1048,269,True
"(3,0)","(1,2)",c2,BFS,True,50,60,18,True
"(3,0)","(1,2)",c3,DFS,True,6410,3478,896,True
"(3,0)","(1,2)",c3,BFS,True,45,60,18,True
"(3,0)","(1,2)",c4,DFS,True,94,37,12,True
"(3,0)","(1,2)",c4,BFS,True,42,61,18,True
"(3,0)","(1,2)",c1,DFS,True,100,38,11,True
"(3,0)","(1,2)",c1,BFS,True,40,75,22,True
"(3,0)","(1,2)",c2,DFS,True,80,19,7,True
"(3,0)","(1,2)",c2,BFS,True,50,72,21,True
"(3,0)","(1,2)",c3,DFS,True,2666,5614,1444,True
"(3,0)","(1,2)",c3,BFS,True,43,76,22,True
"(3,0)","(1,2)",c4,DFS,True,402,150,41,True
"(3,0)","(1,2)",c4,BFS,True,41,69,20,True
"(1,0)","(3,0)",c1,DFS,True,120,7202,1845,True
"(1,0)","(3,0)",c1,BFS,True,20,24,8,True
"(1,0)","(3,0)",c2,DFS,True,50,15,5,True
"(1,0)","(3,0)",c2,BFS,True,30,16,6,True
"(1,0)","(3,0)",c3,DFS,True,25,7,3,True
"(1,0)","(3,0)",c3,BFS,True,25,24,8,True
"(1,0)","(3,0)",c4,DFS,True,43,16,5,True
"(1,0)","(3,0)",c4,BFS,True,25,17,6,True
"(1,0)","(3,0)",c1,DFS,True,2120,1094,281,True
"(1,0)","(3,0)",c1,BFS,True,20,16,6,True
"(1,0)","(3,0)",c2,DFS,True,30,7,3,True
"(1,0)","(3,0)",c2,BFS,True,30,13,5,True
"(1,0)","(3,0)",c3,DFS,True,1845,6026,1548,True
"(1,0)","(3,0)",c3,BFS,True,25,13,5,True
"(1,0)","(3,0)",c4,DFS,True,62,20,7,True
"(1,0)","(3,0)",c4,BFS,True,25,24,8,True
"(1,0)","(3,0)",c1,DFS,True,3760,2196,567,True
"(1,0)","(3,0)",c1,BFS,True,20,16,6,True
"(1,0)","(3,0)",c2,DFS,True,110,7223,1850,True
"(1,0)","(3,0)",c2,BFS,True,30,24,8,True
"(1,0)","(3,0)",c3,DFS,True,88,28,9,True
"(1,0)","(3,0)",c3,BFS,True,25,17,6,True
"(1,0)","(3,0)",c4,DFS,True,2153,1089,279,True
"(1,0)","(3,0)",c4,BFS,True,25,24,8,True
"(1,0)","(3,0)",c1,DFS,True,480,274,73,True
"(1,0)","(3,0)",c1,BFS,True,20,13,5,True
"(1,0)","(3,0)",c2,DFS,True,160,43,13,True
"(1,0)","(3,0)",c2,BFS,True,30,24,8,True
"(1,0)","(3,0)",c3,DFS,True,25,7,3,True
"(1,0)","(3,0)",c3,BFS,True,25,20,7,True
"(1,0)","(3,0)",c4,DFS,True,3054,3149,817,True
"(1,0)","(3,0)",c4,BFS,True,25,24,8,True
"(1,0)","(3,0)",c1,DFS,True,80,27,9,True
"(1,0)","(3,0)",c1,BFS,True,20,24,8,True
"(1,0)","(3,0)",c2,DFS,True,180,54,15,True
"(1,0)","(3,0)",c2,BFS,True,30,24,8,True
"(1,0)","(3,0)",c3,DFS,True,696,237,65,True
"(1,0)","(3,0)",c3,BFS,True,25,24,8,True
"(1,0)","(3,0)",c4,DFS,True,25,7,3,True
"(1,0)","(3,0)",c4,BFS,True,25,24,8,True
"(1,0)","(3,0)",c1,DFS,True,660,6905,1769,True
"(1,0)","(3,0)",c1,BFS,True,20,13,5,True
"(1,0)","(3,0)",c2,DFS,True,1890,856,224,True
"(1,0)","(3,0)",c2,BFS,True,30,17,6,True
"(1,0)","(3,0)",c3,DFS,True,3722,2561,651,True
"(1,0)","(3,0)",c3,BFS,True,25,13,5,True
"(1,0)","(3,0)",c4,DFS,True,25,7,3,True
"(1,0)","(3,0)",c4,BFS,True,25,24,8,True
"(1,0)","(3,0)",c1,DFS,True,4940,3667,944,True
"(1,0)","(3,0)",c1,BFS,True,20,17,6,True
"(1,0)","(3,0)",c2,DFS,True,1500,6479,1665,True
"(1,0)","(3,0)",c2,BFS,True,30,24,8,True
"(1,0)","(3,0)",c3,DFS,True,456,6972,1786,True
"(1,0)","(3,0)",c3,BFS,True,25,24,8,True
"(1,0)","(3,0)",c4,DFS,True,305,7085,1816,True
"(1,0)","(3,0)",c4,BFS,True,25,20,7,True
"(1,0)","(3,0)",c1,DFS,True,2420,3549,913,True
"(1,0)","(3,0)",c1,BFS,True,20,13,5,True
"(1,0)","(3,0)",c2,DFS,True,30,7,3,True
"(1,0)","(3,0)",c2,BFS,True,30,24,8,True
"(1,0)","(3,0)",c3,DFS,True,607,220,60,True
"(1,0)","(3,0)",c3,BFS,True,25,24,8,True
"(1,0)","(3,0)",c4,DFS,True,750,291,77,True
"(1,0)","(3,0)",c4,BFS,True,25,24,8,True
"(1,0)","(3,0)",c1,DFS,True,20,7,3,True
"(1,0)","(3,0)",c1,BFS,True,20,16,6,True
"(1,0)","(3,0)",c2,DFS,True,80,22,7,True
"(1,0)","(3,0)",c2,BFS,True,30,17,6,True
"(1,0)","(3,0)",c3,DFS,True,130,45,13,True
"(1,0)","(3,0)",c3,BFS,True,25,16,6,True
"(1,0)","(3,0)",c4,DFS,True,233,93,25,True
"(1,0)","(3,0)",c4,BFS,True,25,24,8,True
"(1,0)","(3,0)",c1,DFS,True,260,7141,1830,True
"(1,0)","(3,0)",c1,BFS,True,20,24,8,True
"(1,0)","(3,0)",c2,DFS,True,2610,5919,1521,True
"(1,0)","(3,0)",c2,BFS,True,30,13,5,True
"(1,0)","(3,0)",c3,DFS,True,1926,929,239,True
"(1,0)","(3,0)",c3,BFS,True,25,13,5,True
"(1,0)","(3,0)",c4,DFS,True,847,336,88,True
"(1,0)","(3,0)",c4,BFS,True,25,24,8,True
"(0,3)","(1,2)",c1,DFS,True,2280,1249,320,True
"(0,3)","(1,2)",c1,BFS,True,20,25,8,True
"(0,3)","(1,2)",c2,DFS,True,155,40,13,True
"(0,3)","(1,2)",c2,BFS,True,25,18,6,True
"(0,3)","(1,2)",c3,DFS,True,4452,1966,516,True
"(0,3)","(1,2)",c3,BFS,True,22,24,8,True
"(0,3)","(1,2)",c4,DFS,True,23,8,3,True
"(0,3)","(1,2)",c4,BFS,True,22,14,5,True
"(0,3)","(1,2)",c1,DFS,True,60,23,7,True
"(0,3)","(1,2)",c1,BFS,True,20,22,7,True
"(0,3)","(1,2)",c2,DFS,True,855,6909,1770,True
"(0,3)","(1,2)",c2,BFS,True,25,17,6,True
"(0,3)","(1,2)",c3,DFS,True,4313,4867,1253,True
"(0,3)","(1,2)",c3,BFS,True,22,14,5,True
"(0,3)","(1,2)",c4,DFS,True,305,7046,1806,True
"(0,3)","(1,2)",c4,BFS,True,23,14,5,True
"(0,3)","(1,2)",c1,DFS,True,2500,1056,274,True
"(0,3)","(1,2)",c1,BFS,True,20,14,5,True
"(0,3)","(1,2)",c2,DFS,True,25,8,3,True
"(0,3)","(1,2)",c2,BFS,True,25,22,7,True
"(0,3)","(1,2)",c3,DFS,True,577,7009,1797,True
"(0,3)","(1,2)",c3,BFS,True,22,14,5,True
"(0,3)","(1,2)",c4,DFS,True,3850,4349,1122,True
"(0,3)","(1,2)",c4,BFS,True,23,22,7,True
"(0,3)","(1,2)",c1,DFS,True,20,8,3,True
"(0,3)","(1,2)",c1,BFS,True,20,17,6,True
"(0,3)","(1,2)",c2,DFS,True,4855,2011,520,True
"(0,3)","(1,2)",c2,BFS,True,25,14,5,True
"(0,3)","(1,2)",c3,DFS,True,1205,6572,1687,True
"(0,3)","(1,2)",c3,BFS,True,22,21,7,True
"(0,3)","(1,2)",c4,DFS,True,22,7,3,True
"(0,3)","(1,2)",c4,BFS,True,23,22,7,True
"(0,3)","(1,2)",c1,DFS,True,20,8,3,True
"(0,3)","(1,2)",c1,BFS,True,20,25,8,True
"(0,3)","(1,2)",c2,DFS,True,2355,5636,1449,True
"(0,3)","(1,2)",c2,BFS,True,25,22,7,True
"(0,3)","(1,2)",c3,DFS,True,110,7213,1848,True
"(0,3)","(1,2)",c3,BFS,True,22,17,6,True
"(0,3)","(1,2)",c4,DFS,True,22,7,3,True
"(0,3)","(1,2)",c4,BFS,True,22,14,5,True
"(0,3)","(1,2)",c1,DFS,True,140,7180,1841,True
"(0,3)","(1,2)",c1,BFS,True,20,22,7,True
"(0,3)","(1,2)",c2,DFS,True,45,15,5,True
"(0,3)","(1,2)",c2,BFS,True,25,21,7,True
"(0,3)","(1,2)",c3,DFS,True,560,6861,1762,True
"(0,3)","(1,2)",c3,BFS,True,22,17,6,True
"(0,3)","(1,2)",c4,DFS,True,3155,4794,1230,True
"(0,3)","(1,2)",c4,BFS,True,22,14,5,True
"(0,3)","(1,2)",c1,DFS,True,20,7,3,True
"(0,3)","(1,2)",c1,BFS,True,20,14,5,True
"(0,3)","(1,2)",c2,DFS,True,25,7,3,True
"(0,3)","(1,2)",c2,BFS,True,25,14,5,True
"(0,3)","(1,2)",c3,DFS,True,293,100,27,True
"(0,3)","(1,2)",c3,BFS,True,23,18,6,True
"(0,3)","(1,2)",c4,DFS,True,403,7014,1798,True
"(0,3)","(1,2)",c4,BFS,True,23,14,5,True
"(0,3)","(1,2)",c1,DFS,True,20,8,3,True
"(0,3)","(1,2)",c1,BFS,True,20,18,6,True
"(0,3)","(1,2)",c2,DFS,True,25,8,3,True
"(0,3)","(1,2)",c2,BFS,True,25,17,6,True
"(0,3)","(1,2)",c3,DFS,True,122,43,13,True
"(0,3)","(1,2)",c3,BFS,True,22,17,6,True
"(0,3)","(1,2)",c4,DFS,True,180,70,19,True
"(0,3)","(1,2)",c4,BFS,True,23,18,6,True
"(0,3)","(1,2)",c1,DFS,True,20,7,3,True
"(0,3)","(1,2)",c1,BFS,True,20,25,8,True
"(0,3)","(1,2)",c2,DFS,True,755,6899,1768,True
"(0,3)","(1,2)",c2,BFS,True,25,14,5,True
"(0,3)","(1,2)",c3,DFS,True,6035,3871,1002,True
"(0,3)","(1,2)",c3,BFS,True,23,25,8,True
"(0,3)","(1,2)",c4,DFS,True,22,7,3,True
"(0,3)","(1,2)",c4,BFS,True,23,21,7,True
"(0,3)","(1,2)",c1,DFS,True,1300,744,190,True
"(0,3)","(1,2)",c1,BFS,True,20,18,6,True
"(0,3)","(1,2)",c2,DFS,True,25,8,3,True
"(0,3)","(1,2)",c2,BFS,True,25,14,5,True
"(0,3)","(1,2)",c3,DFS,True,23,8,3,True
"(0,3)","(1,2)",c3,BFS,True,23,21,7,True
"(0,3)","(1,2)",c4,DFS,True,197,71,21,True
"(0,3)","(1,2)",c4,BFS,True,22,17,6,True
"(1,0)","(2,1)",c1,DFS,True,20,7,3,True
"(1,0)","(2,1)",c1,BFS,True,20,16,6,True
"(1,0)","(2,1)",c2,DFS,True,375,133,36,True
"(1,0)","(2,1)",c2,BFS,True,25,13,5,True
"(1,0)","(2,1)",c3,DFS,True,5002,3833,984,True
"(1,0)","(2,1)",c3,BFS,True,22,20,7,True
"(1,0)","(2,1)",c4,DFS,True,959,6647,1702,True
"(1,0)","(2,1)",c4,BFS,True,22,16,6,True
"(1,0)","(2,1)",c1,DFS,True,1220,638,165,True
"(1,0)","(2,1)",c1,BFS,True,20,16,6,True
"(1,0)","(2,1)",c2,DFS,True,115,37,11,True
"(1,0)","(2,1)",c2,BFS,True,25,19,7,True
"(1,0)","(2,1)",c3,DFS,True,84,32,9,True
"(1,0)","(2,1)",c3,BFS,True,22,20,7,True
"(1,0)","(2,1)",c4,DFS,True,405,165,44,True
"(1,0)","(2,1)",c4,BFS,True,23,16,6,True
"(1,0)","(2,1)",c1,DFS,True,40,14,5,True
"(1,0)","(2,1)",c1,BFS,True,20,16,6,True
"(1,0)","(2,1)",c2,DFS,True,1375,638,165,True
"(1,0)","(2,1)",c2,BFS,True,25,16,6,True
"(1,0)","(2,1)",c3,DFS,True,548,188,52,True
"(1,0)","(2,1)",c3,BFS,True,22,20,7,True
"(1,0)","(2,1)",c4,DFS,True,22,8,3,True
"(1,0)","(2,1)",c4,BFS,True,22,20,7,True
"(1,0)","(2,1)",c1,DFS,True,320,123,33,True
"(1,0)","(2,1)",c1,BFS,True,20,19,7,True
"(1,0)","(2,1)",c2,DFS,True,75,20,7,True
"(1,0)","(2,1)",c2,BFS,True,25,19,7,True
"(1,0)","(2,1)",c3,DFS,True,22,8,3,True
"(1,0)","(2,1)",c3,BFS,True,22,17,6,True
"(1,0)","(2,1)",c4,DFS,True,134,49,15,True
"(1,0)","(2,1)",c4,BFS,True,23,16,6,True
"(1,0)","(2,1)",c1,DFS,True,140,49,15,True
"(1,0)","(2,1)",c1,BFS,True,20,13,5,True
"(1,0)","(2,1)",c2,DFS,True,55,13,5,True
"(1,0)","(2,1)",c2,BFS,True,25,13,5,True
"(1,0)","(2,1)",c3,DFS,True,22,8,3,True
"(1,0)","(2,1)",c3,BFS,True,23,13,5,True
"(1,0)","(2,1)",c4,DFS,True,154,7164,1836,True
"(1,0)","(2,1)",c4,BFS,True,23,13,5,True
"(1,0)","(2,1)",c1,DFS,True,4300,4436,1139,True
"(1,0)","(2,1)",c1,BFS,True,20,16,6,True
"(1,0)","(2,1)",c2,DFS,True,145,43,13,True
"(1,0)","(2,1)",c2,BFS,True,25,16,6,True
"(1,0)","(2,1)",c3,DFS,True,1768,5920,1520,True
"(1,0)","(2,1)",c3,BFS,True,22,16,6,True
"(1,0)","(2,1)",c4,DFS,True,182,7168,1838,True
"(1,0)","(2,1)",c4,BFS,True,22,20,7,True
"(1,0)","(2,1)",c1,DFS,True,5080,3994,1033,True
"(1,0)","(2,1)",c1,BFS,True,20,16,6,True
"(1,0)","(2,1)",c2,DFS,True,155,7203,1845,True
"(1,0)","(2,1)",c2,BFS,True,25,20,7,True
"(1,0)","(2,1)",c3,DFS,True,65,21,7,True
"(1,0)","(2,1)",c3,BFS,True,23,13,5,True
"(1,0)","(2,1)",c4,DFS,True,22,8,3,True
"(1,0)","(2,1)",c4,BFS,True,23,16,6,True
"(1,0)","(2,1)",c1,DFS,True,60,21,7,True
"(1,0)","(2,1)",c1,BFS,True,20,20,7,True
"(1,0)","(2,1)",c2,DFS,True,445,7063,1812,True
"(1,0)","(2,1)",c2,BFS,True,25,17,6,True
"(1,0)","(2,1)",c3,DFS,True,170,72,21,True
"(1,0)","(2,1)",c3,BFS,True,23,16,6,True
"(1,0)","(2,1)",c4,DFS,True,22,8,3,True
"(1,0)","(2,1)",c4,BFS,True,23,16,6,True
"(1,0)","(2,1)",c1,DFS,True,340,128,35,True
"(1,0)","(2,1)",c1,BFS,True,20,20,7,True
"(1,0)","(2,1)",c2,DFS,True,415,7066,1813,True
"(1,0)","(2,1)",c2,BFS,True,25,20,7,True
"(1,0)","(2,1)",c3,DFS,True,44,13,5,True
"(1,0)","(2,1)",c3,BFS,True,22,16,6,True
"(1,0)","(2,1)",c4,DFS,True,195,7148,1829,True
"(1,0)","(2,1)",c4,BFS,True,22,20,7,True
"(1,0)","(2,1)",c1,DFS,True,2940,1255,323,True
"(1,0)","(2,1)",c1,BFS,True,20,16,6,True
"(1,0)","(2,1)",c2,DFS,True,75,20,7,True
"(1,0)","(2,1)",c2,BFS,True,25,20,7,True
"(1,0)","(2,1)",c3,DFS,True,4266,1640,425,True
"(1,0)","(2,1)",c3,BFS,True,23,19,7,True
"(1,0)","(2,1)",c4,DFS,True,215,7136,1831,True
"(1,0)","(2,1)",c4,BFS,True,23,16,6,True
"(0,3)","(2,0)",c1,DFS,True,850,6823,1748,True
"(0,3)","(2,0)",c1,BFS,True,50,87,25,True
"(0,3)","(2,0)",c2,DFS,True,7290,2729,697,True
"(0,3)","(2,0)",c2,BFS,True,60,95,27,True
"(0,3)","(2,0)",c3,DFS,True,51,15,6,True
"(0,3)","(2,0)",c3,BFS,True,53,110,31,True
"(0,3)","(2,0)",c4,DFS,True,3999,3093,796,True
"(0,3)","(2,0)",c4,BFS,True,55,103,29,True
"(0,3)","(2,0)",c1,DFS,True,310,125,34,True
"(0,3)","(2,0)",c1,BFS,True,50,115,32,True
"(0,3)","(2,0)",c2,DFS,True,4590,2356,610,True
"(0,3)","(2,0)",c2,BFS,True,60,87,25,True
"(0,3)","(2,0)",c3,DFS,True,450,164,44,True
"(0,3)","(2,0)",c3,BFS,True,53,91,26,True
"(0,3)","(2,0)",c4,DFS,True,1596,6437,1650,True
"(0,3)","(2,0)",c4,BFS,True,55,111,31,True
"(0,3)","(2,0)",c1,DFS,True,1150,6568,1685,True
"(0,3)","(2,0)",c1,BFS,True,50,87,25,True
"(0,3)","(2,0)",c2,DFS,True,60,17,6,True
"(0,3)","(2,0)",c2,BFS,True,60,106,30,True
"(0,3)","(2,0)",c3,DFS,True,401,134,36,True
"(0,3)","(2,0)",c3,BFS,True,55,106,30,True
"(0,3)","(2,0)",c4,DFS,True,389,7069,1810,True
"(0,3)","(2,0)",c4,BFS,True,55,115,32,True
"(0,3)","(2,0)",c1,DFS,True,1110,6271,1611,True
"(0,3)","(2,0)",c1,BFS,True,50,87,25,True
"(0,3)","(2,0)",c2,DFS,True,60,19,6,True
"(0,3)","(2,0)",c2,BFS,True,60,106,30,True
"(0,3)","(2,0)",c3,DFS,True,102,30,10,True
"(0,3)","(2,0)",c3,BFS,True,55,111,31,True
"(0,3)","(2,0)",c4,DFS,True,2658,5643,1451,True
"(0,3)","(2,0)",c4,BFS,True,55,107,30,True
"(0,3)","(2,0)",c1,DFS,True,90,35,10,True
"(0,3)","(2,0)",c1,BFS,True,50,115,32,True
"(0,3)","(2,0)",c2,DFS,True,200,7139,1829,True
"(0,3)","(2,0)",c2,BFS,True,60,107,30,True
"(0,3)","(2,0)",c3,DFS,True,5235,3343,860,True
"(0,3)","(2,0)",c3,BFS,True,55,107,30,True
"(0,3)","(2,0)",c4,DFS,True,136,59,17,True
"(0,3)","(2,0)",c4,BFS,True,53,87,25,True
"(0,3)","(2,0)",c1,DFS,True,1370,6447,1653,True
"(0,3)","(2,0)",c1,BFS,True,50,87,25,True
"(0,3)","(2,0)",c2,DFS,True,100,34,10,True
"(0,3)","(2,0)",c2,BFS,True,60,111,31,True
"(0,3)","(2,0)",c3,DFS,True,1428,549,142,True
"(0,3)","(2,0)",c3,BFS,True,54,87,25,True
"(0,3)","(2,0)",c4,DFS,True,1103,481,125,True
"(0,3)","(2,0)",c4,BFS,True,52,91,26,True
"(0,3)","(2,0)",c1,DFS,True,50,15,6,True
"(0,3)","(2,0)",c1,BFS,True,50,87,25,True
"(0,3)","(2,0)",c2,DFS,True,4780,1658,427,True
"(0,3)","(2,0)",c2,BFS,True,60,110,31,True
"(0,3)","(2,0)",c3,DFS,True,214,7175,1839,True
"(0,3)","(2,0)",c3,BFS,True,52,87,25,True
"(0,3)","(2,0)",c4,DFS,True,67,25,8,True
"(0,3)","(2,0)",c4,BFS,True,55,95,27,True
"(0,3)","(2,0)",c1,DFS,True,770,6914,1771,True
"(0,3)","(2,0)",c1,BFS,True,50,107,30,True
"(0,3)","(2,0)",c2,DFS,True,850,265,69,True
"(0,3)","(2,0)",c2,BFS,True,60,87,25,True
"(0,3)","(2,0)",c3,DFS,True,412,141,38,True
"(0,3)","(2,0)",c3,BFS,True,53,95,27,True
"(0,3)","(2,0)",c4,DFS,True,104,44,12,True
"(0,3)","(2,0)",c4,BFS,True,49,106,30,True
"(0,3)","(2,0)",c1,DFS,True,4090,4092,1044,True
"(0,3)","(2,0)",c1,BFS,True,50,87,25,True
"(0,3)","(2,0)",c2,DFS,True,440,143,38,True
"(0,3)","(2,0)",c2,BFS,True,60,91,26,True
"(0,3)","(2,0)",c3,DFS,True,2679,1186,305,True
"(0,3)","(2,0)",c3,BFS,True,55,111,31,True
"(0,3)","(2,0)",c4,DFS,True,89,34,10,True
"(0,3)","(2,0)",c4,BFS,True,52,106,30,True
"(0,3)","(2,0)",c1,DFS,True,730,292,77,True
"(0,3)","(2,0)",c1,BFS,True,50,106,30,True
"(0,3)","(2,0)",c2,DFS,True,440,6991,1791,True
"(0,3)","(2,0)",c2,BFS,True,60,118,33,True
"(0,3)","(2,0)",c3,DFS,True,4174,4468,1147,True
"(0,3)","(2,0)",c3,BFS,True,54,95,27,True
"(0,3)","(2,0)",c4,DFS,True,3377,1544,392,True
"(0,3)","(2,0)",c4,BFS,True,55,114,32,True
"(2,1)","(1,1)",c1,DFS,True,110,40,12,True
"(2,1)","(1,1)",c1,BFS,True,10,12,4,True
"(2,1)","(1,1)",c2,DFS,True,935,6823,1749,True
"(2,1)","(1,1)",c2,BFS,True,15,12,4,True
"(2,1)","(1,1)",c3,DFS,True,121,7219,1850,True
"(2,1)","(1,1)",c3,BFS,True,13,16,5,True
"(2,1)","(1,1)",c4,DFS,True,294,118,32,True
"(2,1)","(1,1)",c4,BFS,True,13,5,2,True
"(2,1)","(1,1)",c1,DFS,True,10,5,2,True
"(2,1)","(1,1)",c1,BFS,True,10,9,3,True
"(2,1)","(1,1)",c2,DFS,True,595,6796,1744,True
"(2,1)","(1,1)",c2,BFS,True,15,9,3,True
"(2,1)","(1,1)",c3,DFS,True,243,85,24,True
"(2,1)","(1,1)",c3,BFS,True,13,9,3,True
"(2,1)","(1,1)",c4,DFS,True,832,6820,1747,True
"(2,1)","(1,1)",c4,BFS,True,13,16,5,True
"(2,1)","(1,1)",c1,DFS,True,2630,1308,335,True
"(2,1)","(1,1)",c1,BFS,True,10,16,5,True
"(2,1)","(1,1)",c2,DFS,True,5215,2081,539,True
"(2,1)","(1,1)",c2,BFS,True,15,8,3,True
"(2,1)","(1,1)",c3,DFS,True,54,18,6,True
"(2,1)","(1,1)",c3,BFS,True,13,5,2,True
"(2,1)","(1,1)",c4,DFS,True,86,34,10,True
"(2,1)","(1,1)",c4,BFS,True,13,5,2,True
"(2,1)","(1,1)",c1,DFS,True,830,6791,1738,True
"(2,1)","(1,1)",c1,BFS,True,10,8,3,True
"(2,1)","(1,1)",c2,DFS,True,15,5,2,True
"(2,1)","(1,1)",c2,BFS,True,15,16,5,True
"(2,1)","(1,1)",c3,DFS,True,32,11,4,True
"(2,1)","(1,1)",c3,BFS,True,13,16,5,True
"(2,1)","(1,1)",c4,DFS,True,3243,2758,712,True
"(2,1)","(1,1)",c4,BFS,True,13,5,2,True
"(2,1)","(1,1)",c1,DFS,True,30,11,4,True
"(2,1)","(1,1)",c1,BFS,True,10,12,4,True
"(2,1)","(1,1)",c2,DFS,True,115,33,10,True
"(2,1)","(1,1)",c2,BFS,True,15,5,2,True
"(2,1)","(1,1)",c3,DFS,True,32,11,4,True
"(2,1)","(1,1)",c3,BFS,True,13,16,5,True
"(2,1)","(1,1)",c4,DFS,True,13,5,2,True
"(2,1)","(1,1)",c4,BFS,True,13,8,3,True
"(2,1)","(1,1)",c1,DFS,True,4510,2357,620,True
"(2,1)","(1,1)",c1,BFS,True,10,5,2,True
"(2,1)","(1,1)",c2,DFS,True,15,5,2,True
"(2,1)","(1,1)",c2,BFS,True,15,16,5,True
"(2,1)","(1,1)",c3,DFS,True,119,47,13,True
"(2,1)","(1,1)",c3,BFS,True,13,16,5,True
"(2,1)","(1,1)",c4,DFS,True,851,336,88,True
"(2,1)","(1,1)",c4,BFS,True,13,13,4,True
"(2,1)","(1,1)",c1,DFS,True,90,7224,1851,True
"(2,1)","(1,1)",c1,BFS,True,10,5,2,True
"(2,1)","(1,1)",c2,DFS,True,4125,4597,1183,True
"(2,1)","(1,1)",c2,BFS,True,15,16,5,True
"(2,1)","(1,1)",c3,DFS,True,96,30,10,True
"(2,1)","(1,1)",c3,BFS,True,13,5,2,True
"(2,1)","(1,1)",c4,DFS,True,3621,1982,507,True
"(2,1)","(1,1)",c4,BFS,True,13,12,4,True
"(2,1)","(1,1)",c1,DFS,True,510,7000,1796,True
"(2,1)","(1,1)",c1,BFS,True,10,12,4,True
"(2,1)","(1,1)",c2,DFS,True,15,5,2,True
"(2,1)","(1,1)",c2,BFS,True,15,16,5,True
"(2,1)","(1,1)",c3,DFS,True,13,5,2,True
"(2,1)","(1,1)",c3,BFS,True,13,9,3,True
"(2,1)","(1,1)",c4,DFS,True,3947,4115,1051,True
"(2,1)","(1,1)",c4,BFS,True,13,9,3,True
"(2,1)","(1,1)",c1,DFS,True,30,11,4,True
"(2,1)","(1,1)",c1,BFS,True,10,5,2,True
"(2,1)","(1,1)",c2,DFS,True,2575,945,241,True
"(2,1)","(1,1)",c2,BFS,True,15,8,3,True
"(2,1)","(1,1)",c3,DFS,True,32,11,4,True
"(2,1)","(1,1)",c3,BFS,True,13,12,4,True
"(2,1)","(1,1)",c4,DFS,True,4024,2911,740,True
"(2,1)","(1,1)",c4,BFS,True,13,9,3,True
"(2,1)","(1,1)",c1,DFS,True,50,18,6,True
"(2,1)","(1,1)",c1,BFS,True,10,16,5,True
"(2,1)","(1,1)",c2,DFS,True,495,154,41,True
"(2,1)","(1,1)",c2,BFS,True,15,12,4,True
"(2,1)","(1,1)",c3,DFS,True,13,5,2,True
"(2,1)","(1,1)",c3,BFS,True,13,16,5,True
"(2,1)","(1,1)",c4,DFS,True,72,29,8,True
"(2,1)","(1,1)",c4,BFS,True,13,13,4,True
"(2,1)","(1,2)",c1,DFS,True,4500,3078,800,True
"(2,1)","(1,2)",c1,BFS,True,20,37,11,True
"(2,1)","(1,2)",c2,DFS,True,735,6884,1764,True
"(2,1)","(1,2)",c2,BFS,True,25,31,9,True
"(2,1)","(1,2)",c3,DFS,True,64,21,7,True
"(2,1)","(1,2)",c3,BFS,True,22,34,10,True
"(2,1)","(1,2)",c4,DFS,True,1436,6530,1675,True
"(2,1)","(1,2)",c4,BFS,True,22,26,8,True
"(2,1)","(1,2)",c1,DFS,True,3680,2316,589,True
"(2,1)","(1,2)",c1,BFS,True,20,35,10,True
"(2,1)","(1,2)",c2,DFS,True,115,35,11,True
"(2,1)","(1,2)",c2,BFS,True,25,26,8,True
"(2,1)","(1,2)",c3,DFS,True,23,9,3,True
"(2,1)","(1,2)",c3,BFS,True,23,37,11,True
"(2,1)","(1,2)",c4,DFS,True,1075,536,141,True
"(2,1)","(1,2)",c4,BFS,True,23,20,6,True
"(2,1)","(1,2)",c1,DFS,True,300,112,31,True
"(2,1)","(1,2)",c1,BFS,True,20,24,7,True
"(2,1)","(1,2)",c2,DFS,True,135,33,11,True
"(2,1)","(1,2)",c2,BFS,True,25,31,9,True
"(2,1)","(1,2)",c3,DFS,True,154,7196,1844,True
"(2,1)","(1,2)",c3,BFS,True,23,26,8,True
"(2,1)","(1,2)",c4,DFS,True,1007,424,109,True
"(2,1)","(1,2)",c4,BFS,True,23,34,10,True
"(2,1)","(1,2)",c1,DFS,True,40,17,5,True
"(2,1)","(1,2)",c1,BFS,True,20,24,7,True
"(2,1)","(1,2)",c2,DFS,True,215,56,17,True
"(2,1)","(1,2)",c2,BFS,True,25,23,7,True
"(2,1)","(1,2)",c3,DFS,True,1354,501,130,True
"(2,1)","(1,2)",c3,BFS,True,23,20,6,True
"(2,1)","(1,2)",c4,DFS,True,22,9,3,True
"(2,1)","(1,2)",c4,BFS,True,22,26,8,True
"(2,1)","(1,2)",c1,DFS,True,3540,4748,1222,True
"(2,1)","(1,2)",c1,BFS,True,20,34,10,True
"(2,1)","(1,2)",c2,DFS,True,845,332,87,True
"(2,1)","(1,2)",c2,BFS,True,25,26,8,True
"(2,1)","(1,2)",c3,DFS,True,23,9,3,True
"(2,1)","(1,2)",c3,BFS,True,23,34,10,True
"(2,1)","(1,2)",c4,DFS,True,1075,6588,1692,True
"(2,1)","(1,2)",c4,BFS,True,23,26,8,True
"(2,1)","(1,2)",c1,DFS,True,720,290,75,True
"(2,1)","(1,2)",c1,BFS,True,20,34,10,True
"(2,1)","(1,2)",c2,DFS,True,45,15,5,True
"(2,1)","(1,2)",c2,BFS,True,25,35,10,True
"(2,1)","(1,2)",c3,DFS,True,505,162,45,True
"(2,1)","(1,2)",c3,BFS,True,22,24,7,True
"(2,1)","(1,2)",c4,DFS,True,92,38,11,True
"(2,1)","(1,2)",c4,BFS,True,23,20,6,True
"(2,1)","(1,2)",c1,DFS,True,100,39,11,True
"(2,1)","(1,2)",c1,BFS,True,20,34,10,True
"(2,1)","(1,2)",c2,DFS,True,445,123,35,True
"(2,1)","(1,2)",c2,BFS,True,25,30,9,True
"(2,1)","(1,2)",c3,DFS,True,64,22,7,True
"(2,1)","(1,2)",c3,BFS,True,22,24,7,True
"(2,1)","(1,2)",c4,DFS,True,22,9,3,True
"(2,1)","(1,2)",c4,BFS,True,23,20,6,True
"(2,1)","(1,2)",c1,DFS,True,580,478,124,True
"(2,1)","(1,2)",c1,BFS,True,20,34,10,True
"(2,1)","(1,2)",c2,DFS,True,25,9,3,True
"(2,1)","(1,2)",c2,BFS,True,25,31,9,True
"(2,1)","(1,2)",c3,DFS,True,3387,3890,1003,True
"(2,1)","(1,2)",c3,BFS,True,22,28,8,True
"(2,1)","(1,2)",c4,DFS,True,998,482,127,True
"(2,1)","(1,2)",c4,BFS,True,23,23,7,True
"(2,1)","(1,2)",c1,DFS,True,20,9,3,True
"(2,1)","(1,2)",c1,BFS,True,20,20,6,True
"(2,1)","(1,2)",c2,DFS,True,125,39,11,True
"(2,1)","(1,2)",c2,BFS,True,25,38,11,True
"(2,1)","(1,2)",c3,DFS,True,64,23,8,True
"(2,1)","(1,2)",c3,BFS,True,22,38,11,True
"(2,1)","(1,2)",c4,DFS,True,22,9,3,True
"(2,1)","(1,2)",c4,BFS,True,23,34,10,True
"(2,1)","(1,2)",c1,DFS,True,440,174,47,True
"(2,1)","(1,2)",c1,BFS,True,20,24,7,True
"(2,1)","(1,2)",c2,DFS,True,25,9,3,True
"(2,1)","(1,2)",c2,BFS,True,25,35,10,True
"(2,1)","(1,2)",c3,DFS,True,4876,2519,646,True
"(2,1)","(1,2)",c3,BFS,True,22,24,7,True
"(2,1)","(1,2)",c4,DFS,True,23,9,3,True
"(2,1)","(1,2)",c4,BFS,True,22,24,7,True
"(2,3)","(2,0)",c1,DFS,True,90,33,10,True
"(2,3)","(2,0)",c1,BFS,True,30,67,18,True
"(2,3)","(2,0)",c2,DFS,True,400,121,34,True
"(2,3)","(2,0)",c2,BFS,True,30,67,18,True
"(2,3)","(2,0)",c3,DFS,True,952,427,114,True
"(2,3)","(2,0)",c3,BFS,True,30,75,20,True
"(2,3)","(2,0)",c4,DFS,True,1603,6332,1624,True
"(2,3)","(2,0)",c4,BFS,True,30,86,23,True
"(2,3)","(2,0)",c1,DFS,True,1410,6329,1622,True
"(2,3)","(2,0)",c1,BFS,True,30,90,24,True
"(2,3)","(2,0)",c2,DFS,True,5780,2986,768,True
"(2,3)","(2,0)",c2,BFS,True,30,83,22,True
"(2,3)","(2,0)",c3,DFS,True,169,55,16,True
"(2,3)","(2,0)",c3,BFS,True,30,76,20,True
"(2,3)","(2,0)",c4,DFS,True,857,6765,1734,True
"(2,3)","(2,0)",c4,BFS,True,30,64,17,True
"(2,3)","(2,0)",c1,DFS,True,290,7103,1820,True
"(2,3)","(2,0)",c1,BFS,True,30,90,24,True
"(2,3)","(2,0)",c2,DFS,True,500,7035,1800,True
"(2,3)","(2,0)",c2,BFS,True,30,90,24,True
"(2,3)","(2,0)",c3,DFS,True,98,35,10,True
"(2,3)","(2,0)",c3,BFS,True,30,90,24,True
"(2,3)","(2,0)",c4,DFS,True,2746,4228,1092,True
"(2,3)","(2,0)",c4,BFS,True,30,71,19,True
"(2,3)","(2,0)",c1,DFS,True,3930,2528,645,True
"(2,3)","(2,0)",c1,BFS,True,30,83,22,True
"(2,3)","(2,0)",c2,DFS,True,7000,2912,755,True
"(2,3)","(2,0)",c2,BFS,True,30,90,24,True
"(2,3)","(2,0)",c3,DFS,True,124,41,12,True
"(2,3)","(2,0)",c3,BFS,True,30,90,24,True
"(2,3)","(2,0)",c4,DFS,True,105,40,12,True
"(2,3)","(2,0)",c4,BFS,True,30,76,20,True
"(2,3)","(2,0)",c1,DFS,True,950,397,104,True
"(2,3)","(2,0)",c1,BFS,True,30,64,17,True
"(2,3)","(2,0)",c2,DFS,True,2250,795,203,True
"(2,3)","(2,0)",c2,BFS,True,30,90,24,True
"(2,3)","(2,0)",c3,DFS,True,4972,4189,1078,True
"(2,3)","(2,0)",c3,BFS,True,30,82,22,True
"(2,3)","(2,0)",c4,DFS,True,3918,2583,663,True
"(2,3)","(2,0)",c4,BFS,True,30,66,18,True
"(2,3)","(2,0)",c1,DFS,True,1750,821,212,True
"(2,3)","(2,0)",c1,BFS,True,30,67,18,True
"(2,3)","(2,0)",c2,DFS,True,160,49,14,True
"(2,3)","(2,0)",c2,BFS,True,30,64,17,True
"(2,3)","(2,0)",c3,DFS,True,54,20,6,True
"(2,3)","(2,0)",c3,BFS,True,30,72,19,True
"(2,3)","(2,0)",c4,DFS,True,778,461,118,True
"(2,3)","(2,0)",c4,BFS,True,30,52,14,True
"(2,3)","(2,0)",c1,DFS,True,3250,4508,1160,True
"(2,3)","(2,0)",c1,BFS,True,30,90,24,True
"(2,3)","(2,0)",c2,DFS,True,120,33,10,True
"(2,3)","(2,0)",c2,BFS,True,30,52,14,True
"(2,3)","(2,0)",c3,DFS,True,1028,393,102,True
"(2,3)","(2,0)",c3,BFS,True,30,90,24,True
"(2,3)","(2,0)",c4,DFS,True,30,13,4,True
"(2,3)","(2,0)",c4,BFS,True,30,66,18,True
"(2,3)","(2,0)",c1,DFS,True,4230,3116,802,True
"(2,3)","(2,0)",c1,BFS,True,30,52,14,True
"(2,3)","(2,0)",c2,DFS,True,4890,3009,768,True
"(2,3)","(2,0)",c2,BFS,True,30,90,24,True
"(2,3)","(2,0)",c3,DFS,True,80,23,8,True
"(2,3)","(2,0)",c3,BFS,True,30,60,16,True
"(2,3)","(2,0)",c4,DFS,True,373,6826,1750,True
"(2,3)","(2,0)",c4,BFS,True,30,87,23,True
"(2,3)","(2,0)",c1,DFS,True,1090,6655,1709,True
"(2,3)","(2,0)",c1,BFS,True,30,90,24,True
"(2,3)","(2,0)",c2,DFS,True,120,31,10,True
"(2,3)","(2,0)",c2,BFS,True,30,78,21,True
"(2,3)","(2,0)",c3,DFS,True,52,21,6,True
"(2,3)","(2,0)",c3,BFS,True,30,83,22,True
"(2,3)","(2,0)",c4,DFS,True,223,94,25,True
"(2,3)","(2,0)",c4,BFS,True,30,90,24,True
"(2,3)","(2,0)",c1,DFS,True,150,56,16,True
"(2,3)","(2,0)",c1,BFS,True,30,60,16,True
"(2,3)","(2,0)",c2,DFS,True,150,45,12,True
"(2,3)","(2,0)",c2,BFS,True,30,90,24,True
"(2,3)","(2,0)",c3,DFS,True,211,77,21,True
"(2,3)","(2,0)",c3,BFS,True,30,72,19,True
"(2,3)","(2,0)",c4,DFS,True,736,337,88,True
"(2,3)","(2,0)",c4,BFS,True,30,67,18,True
"(0,3)","(3,1)",c1,DFS,True,70,45,14,True
"(0,3)","(3,1)",c1,BFS,True,50,103,29,True
"(0,3)","(3,1)",c2,DFS,True,625,7016,1797,True
"(0,3)","(3,1)",c2,BFS,True,65,87,25,True
"(0,3)","(3,1)",c3,DFS,True,586,201,54,True
"(0,3)","(3,1)",c3,BFS,True,53,87,25,True
"(0,3)","(3,1)",c4,DFS,True,386,152,43,True
"(0,3)","(3,1)",c4,BFS,True,54,106,30,True
"(0,3)","(3,1)",c1,DFS,True,370,145,39,True
"(0,3)","(3,1)",c1,BFS,True,50,103,29,True
"(0,3)","(3,1)",c2,DFS,True,565,186,51,True
"(0,3)","(3,1)",c2,BFS,True,65,99,28,True
"(0,3)","(3,1)",c3,DFS,True,1176,6589,1687,True
"(0,3)","(3,1)",c3,BFS,True,56,107,30,True
"(0,3)","(3,1)",c4,DFS,True,157,66,18,True
"(0,3)","(3,1)",c4,BFS,True,56,110,31,True
"(0,3)","(3,1)",c1,DFS,True,310,116,32,True
"(0,3)","(3,1)",c1,BFS,True,50,90,26,True
"(0,3)","(3,1)",c2,DFS,True,2315,1084,285,True
"(0,3)","(3,1)",c2,BFS,True,65,106,30,True
"(0,3)","(3,1)",c3,DFS,True,3827,1437,376,True
"(0,3)","(3,1)",c3,BFS,True,53,91,26,True
"(0,3)","(3,1)",c4,DFS,True,641,265,68,True
"(0,3)","(3,1)",c4,BFS,True,52,87,25,True
"(0,3)","(3,1)",c1,DFS,True,70,28,8,True
"(0,3)","(3,1)",c1,BFS,True,50,109,31,True
"(0,3)","(3,1)",c2,DFS,True,1255,6340,1628,True
"(0,3)","(3,1)",c2,BFS,True,65,90,26,True
"(0,3)","(3,1)",c3,DFS,True,3353,4890,1255,True
"(0,3)","(3,1)",c3,BFS,True,56,114,32,True
"(0,3)","(3,1)",c4,DFS,True,523,230,61,True
"(0,3)","(3,1)",c4,BFS,True,51,87,25,True
"(0,3)","(3,1)",c1,DFS,True,630,6811,1745,True
"(0,3)","(3,1)",c1,BFS,True,50,90,26,True
"(0,3)","(3,1)",c2,DFS,True,245,7089,1817,True
"(0,3)","(3,1)",c2,BFS,True,65,109,31,True
"(0,3)","(3,1)",c3,DFS,True,199,61,18,True
"(0,3)","(3,1)",c3,BFS,True,52,90,26,True
"(0,3)","(3,1)",c4,DFS,True,68,26,8,True
"(0,3)","(3,1)",c4,BFS,True,50,109,31,True
"(0,3)","(3,1)",c1,DFS,True,130,55,15,True
"(0,3)","(3,1)",c1,BFS,True,50,90,26,True
"(0,3)","(3,1)",c2,DFS,True,85,29,10,True
"(0,3)","(3,1)",c2,BFS,True,65,90,26,True
"(0,3)","(3,1)",c3,DFS,True,98,31,10,True
"(0,3)","(3,1)",c3,BFS,True,54,90,26,True
"(0,3)","(3,1)",c4,DFS,True,3751,2864,742,True
"(0,3)","(3,1)",c4,BFS,True,55,91,26,True
"(0,3)","(3,1)",c1,DFS,True,290,7017,1797,True
"(0,3)","(3,1)",c1,BFS,True,50,87,25,True
"(0,3)","(3,1)",c2,DFS,True,7265,3288,845,True
"(0,3)","(3,1)",c2,BFS,True,65,103,29,True
"(0,3)","(3,1)",c3,DFS,True,2868,5663,1455,True
"(0,3)","(3,1)",c3,BFS,True,52,109,31,True
"(0,3)","(3,1)",c4,DFS,True,3433,4195,1075,True
"(0,3)","(3,1)",c4,BFS,True,53,87,25,True
"(0,3)","(3,1)",c1,DFS,True,590,6581,1688,True
"(0,3)","(3,1)",c1,BFS,True,50,91,26,True
"(0,3)","(3,1)",c2,DFS,True,145,43,12,True
"(0,3)","(3,1)",c2,BFS,True,65,91,26,True
"(0,3)","(3,1)",c3,DFS,True,438,156,41,True
"(0,3)","(3,1)",c3,BFS,True,53,91,26,True
"(0,3)","(3,1)",c4,DFS,True,795,349,92,True
"(0,3)","(3,1)",c4,BFS,True,53,91,26,True
"(0,3)","(3,1)",c1,DFS,True,4290,3617,925,True
"(0,3)","(3,1)",c1,BFS,True,50,109,31,True
"(0,3)","(3,1)",c2,DFS,True,435,7071,1812,True
"(0,3)","(3,1)",c2,BFS,True,65,109,31,True
"(0,3)","(3,1)",c3,DFS,True,73,29,10,True
"(0,3)","(3,1)",c3,BFS,True,56,99,28,True
"(0,3)","(3,1)",c4,DFS,True,656,6834,1753,True
"(0,3)","(3,1)",c4,BFS,True,52,106,30,True
"(0,3)","(3,1)",c1,DFS,True,550,6974,1790,True
"(0,3)","(3,1)",c1,BFS,True,50,90,26,True
"(0,3)","(3,1)",c2,DFS,True,355,101,28,True
"(0,3)","(3,1)",c2,BFS,True,65,109,31,True
"(0,3)","(3,1)",c3,DFS,True,54,20,6,True
"(0,3)","(3,1)",c3,BFS,True,52,109,31,True
"(0,3)","(3,1)",c4,DFS,True,415,173,45,True
"(0,3)","(3,1)",c4,BFS,True,50,90,26,True
"(0,3)","(2,2)",c1,DFS,True,150,59,16,True
"(0,3)","(2,2)",c1,BFS,True,30,32,10,True
"(0,3)","(2,2)",c2,DFS,True,810,6912,1770,True
"(0,3)","(2,2)",c2,BFS,True,40,47,14,True
"(0,3)","(2,2)",c3,DFS,True,263,7118,1824,True
"(0,3)","(2,2)",c3,BFS,True,33,43,13,True
"(0,3)","(2,2)",c4,DFS,True,3016,5248,1352,True
"(0,3)","(2,2)",c4,BFS,True,33,47,14,True
"(0,3)","(2,2)",c1,DFS,True,450,6959,1784,True
"(0,3)","(2,2)",c1,BFS,True,30,43,13,True
"(0,3)","(2,2)",c2,DFS,True,60,19,6,True
"(0,3)","(2,2)",c2,BFS,True,40,38,12,True
"(0,3)","(2,2)",c3,DFS,True,1569,6530,1672,True
"(0,3)","(2,2)",c3,BFS,True,34,32,10,True
"(0,3)","(2,2)",c4,DFS,True,90,32,10,True
"(0,3)","(2,2)",c4,BFS,True,33,38,12,True
"(0,3)","(2,2)",c1,DFS,True,2810,1189,308,True
"(0,3)","(2,2)",c1,BFS,True,30,49,15,True
"(0,3)","(2,2)",c2,DFS,True,1450,592,156,True
"(0,3)","(2,2)",c2,BFS,True,40,32,10,True
"(0,3)","(2,2)",c3,DFS,True,4693,4216,1093,True
"(0,3)","(2,2)",c3,BFS,True,33,32,10,True
"(0,3)","(2,2)",c4,DFS,True,699,274,73,True
"(0,3)","(2,2)",c4,BFS,True,33,49,15,True
"(0,3)","(2,2)",c1,DFS,True,970,380,99,True
"(0,3)","(2,2)",c1,BFS,True,30,32,10,True
"(0,3)","(2,2)",c2,DFS,True,2070,703,182,True
"(0,3)","(2,2)",c2,BFS,True,40,49,15,True
"(0,3)","(2,2)",c3,DFS,True,4280,1836,473,True
"(0,3)","(2,2)",c3,BFS,True,33,38,12,True
"(0,3)","(2,2)",c4,DFS,True,72,28,8,True
"(0,3)","(2,2)",c4,BFS,True,33,47,14,True
"(0,3)","(2,2)",c1,DFS,True,5270,3592,927,True
"(0,3)","(2,2)",c1,BFS,True,30,49,15,True
"(0,3)","(2,2)",c2,DFS,True,3730,1453,370,True
"(0,3)","(2,2)",c2,BFS,True,40,47,14,True
"(0,3)","(2,2)",c3,DFS,True,35,12,4,True
"(0,3)","(2,2)",c3,BFS,True,33,32,10,True
"(0,3)","(2,2)",c4,DFS,True,70,24,8,True
"(0,3)","(2,2)",c4,BFS,True,33,49,15,True
"(0,3)","(2,2)",c1,DFS,True,3770,4409,1128,True
"(0,3)","(2,2)",c1,BFS,True,30,32,10,True
"(0,3)","(2,2)",c2,DFS,True,40,11,4,True
"(0,3)","(2,2)",c2,BFS,True,40,36,11,True
"(0,3)","(2,2)",c3,DFS,True,206,71,21,True
"(0,3)","(2,2)",c3,BFS,True,34,40,12,True
"(0,3)","(2,2)",c4,DFS,True,1802,773,204,True
"(0,3)","(2,2)",c4,BFS,True,33,49,15,True
"(0,3)","(2,2)",c1,DFS,True,30,11,4,True
"(0,3)","(2,2)",c1,BFS,True,30,36,11,True
"(0,3)","(2,2)",c2,DFS,True,80,24,8,True
"(0,3)","(2,2)",c2,BFS,True,40,36,11,True
"(0,3)","(2,2)",c3,DFS,True,285,7099,1821,True
"(0,3)","(2,2)",c3,BFS,True,34,32,10,True
"(0,3)","(2,2)",c4,DFS,True,100,39,12,True
"(0,3)","(2,2)",c4,BFS,True,33,38,12,True
"(0,3)","(2,2)",c1,DFS,True,3930,2137,554,True
"(0,3)","(2,2)",c1,BFS,True,30,38,12,True
"(0,3)","(2,2)",c2,DFS,True,3410,4495,1161,True
"(0,3)","(2,2)",c2,BFS,True,40,38,12,True
"(0,3)","(2,2)",c3,DFS,True,2342,854,218,True
"(0,3)","(2,2)",c3,BFS,True,34,32,10,True
"(0,3)","(2,2)",c4,DFS,True,1853,5971,1534,True
"(0,3)","(2,2)",c4,BFS,True,35,36,11,True
"(0,3)","(2,2)",c1,DFS,True,1630,680,173,True
"(0,3)","(2,2)",c1,BFS,True,30,32,10,True
"(0,3)","(2,2)",c2,DFS,True,60,19,6,True
"(0,3)","(2,2)",c2,BFS,True,40,36,11,True
"(0,3)","(2,2)",c3,DFS,True,76,28,8,True
"(0,3)","(2,2)",c3,BFS,True,34,32,10,True
"(0,3)","(2,2)",c4,DFS,True,207,83,23,True
"(0,3)","(2,2)",c4,BFS,True,34,32,10,True
"(0,3)","(2,2)",c1,DFS,True,290,116,30,True
"(0,3)","(2,2)",c1,BFS,True,30,32,10,True
"(0,3)","(2,2)",c2,DFS,True,150,49,14,True
"(0,3)","(2,2)",c2,BFS,True,40,49,15,True
"(0,3)","(2,2)",c3,DFS,True,113,37,12,True
"(0,3)","(2,2)",c3,BFS,True,35,47,14,True
"(0,3)","(2,2)",c4,DFS,True,68,23,8,True
"(0,3)","(2,2)",c4,BFS,True,35,40,12,True
"(1,2)","(1,0)",c1,DFS,True,960,6696,1716,True
"(1,2)","(1,0)",c1,BFS,True,20,26,8,True
"(1,2)","(1,0)",c2,DFS,True,50,17,5,True
"(1,2)","(1,0)",c2,BFS,True,20,38,11,True
"(1,2)","(1,0)",c3,DFS,True,225,7152,1834,True
"(1,2)","(1,0)",c3,BFS,True,20,27,8,True
"(1,2)","(1,0)",c4,DFS,True,3442,2034,524,True
"(1,2)","(1,0)",c4,BFS,True,20,27,8,True
"(1,2)","(1,0)",c1,DFS,True,120,46,13,True
"(1,2)","(1,0)",c1,BFS,True,20,42,12,True
"(1,2)","(1,0)",c2,DFS,True,2400,1073,275,True
"(1,2)","(1,0)",c2,BFS,True,20,38,11,True
"(1,2)","(1,0)",c3,DFS,True,44,17,5,True
"(1,2)","(1,0)",c3,BFS,True,20,31,9,True
"(1,2)","(1,0)",c4,DFS,True,174,68,19,True
"(1,2)","(1,0)",c4,BFS,True,20,27,8,True
"(1,2)","(1,0)",c1,DFS,True,1380,597,154,True
"(1,2)","(1,0)",c1,BFS,True,20,20,6,True
"(1,2)","(1,0)",c2,DFS,True,2050,840,213,True
"(1,2)","(1,0)",c2,BFS,True,20,24,7,True
"(1,2)","(1,0)",c3,DFS,True,43,13,5,True
"(1,2)","(1,0)",c3,BFS,True,20,24,7,True
"(1,2)","(1,0)",c4,DFS,True,20,9,3,True
"(1,2)","(1,0)",c4,BFS,True,20,42,12,True
"(1,2)","(1,0)",c1,DFS,True,180,7172,1837,True
"(1,2)","(1,0)",c1,BFS,True,20,31,9,True
"(1,2)","(1,0)",c2,DFS,True,5300,4621,1183,True
"(1,2)","(1,0)",c2,BFS,True,20,42,12,True
"(1,2)","(1,0)",c3,DFS,True,411,167,45,True
"(1,2)","(1,0)",c3,BFS,True,20,42,12,True
"(1,2)","(1,0)",c4,DFS,True,261,111,29,True
"(1,2)","(1,0)",c4,BFS,True,20,38,11,True
"(1,2)","(1,0)",c1,DFS,True,640,273,74,True
"(1,2)","(1,0)",c1,BFS,True,20,24,7,True
"(1,2)","(1,0)",c2,DFS,True,4450,4147,1063,True
"(1,2)","(1,0)",c2,BFS,True,20,38,11,True
"(1,2)","(1,0)",c3,DFS,True,85,27,9,True
"(1,2)","(1,0)",c3,BFS,True,20,42,12,True
"(1,2)","(1,0)",c4,DFS,True,1064,488,127,True
"(1,2)","(1,0)",c4,BFS,True,20,42,12,True
"(1,2)","(1,0)",c1,DFS,True,20,9,3,True
"(1,2)","(1,0)",c1,BFS,True,20,23,7,True
"(1,2)","(1,0)",c2,DFS,True,20,9,3,True
"(1,2)","(1,0)",c2,BFS,True,20,23,7,True
"(1,2)","(1,0)",c3,DFS,True,674,273,71,True
"(1,2)","(1,0)",c3,BFS,True,20,20,6,True
"(1,2)","(1,0)",c4,DFS,True,78,31,9,True
"(1,2)","(1,0)",c4,BFS,True,20,38,11,True
"(1,2)","(1,0)",c1,DFS,True,1740,701,185,True
"(1,2)","(1,0)",c1,BFS,True,20,23,7,True
"(1,2)","(1,0)",c2,DFS,True,130,38,11,True
"(1,2)","(1,0)",c2,BFS,True,20,42,12,True
"(1,2)","(1,0)",c3,DFS,True,4273,2168,554,True
"(1,2)","(1,0)",c3,BFS,True,20,42,12,True
"(1,2)","(1,0)",c4,DFS,True,4854,3586,916,True
"(1,2)","(1,0)",c4,BFS,True,20,42,12,True
"(1,2)","(1,0)",c1,DFS,True,1920,5592,1437,True
"(1,2)","(1,0)",c1,BFS,True,20,31,9,True
"(1,2)","(1,0)",c2,DFS,True,5240,1707,442,True
"(1,2)","(1,0)",c2,BFS,True,20,38,11,True
"(1,2)","(1,0)",c3,DFS,True,453,174,48,True
"(1,2)","(1,0)",c3,BFS,True,20,23,7,True
"(1,2)","(1,0)",c4,DFS,True,4738,2500,642,True
"(1,2)","(1,0)",c4,BFS,True,20,42,12,True
"(1,2)","(1,0)",c1,DFS,True,100,36,11,True
"(1,2)","(1,0)",c1,BFS,True,20,20,6,True
"(1,2)","(1,0)",c2,DFS,True,3890,3083,784,True
"(1,2)","(1,0)",c2,BFS,True,20,20,6,True
"(1,2)","(1,0)",c3,DFS,True,4840,2615,673,True
"(1,2)","(1,0)",c3,BFS,True,20,23,7,True
"(1,2)","(1,0)",c4,DFS,True,20,9,3,True
"(1,2)","(1,0)",c4,BFS,True,20,30,9,True
"(1,2)","(1,0)",c1,DFS,True,200,74,21,True
"(1,2)","(1,0)",c1,BFS,True,20,27,8,True
"(1,2)","(1,0)",c2,DFS,True,140,44,13,True
"(1,2)","(1,0)",c2,BFS,True,20,26,8,True
"(1,2)","(1,0)",c3,DFS,True,245,88,23,True
"(1,2)","(1,0)",c3,BFS,True,20,38,11,True
"(1,2)","(1,0)",c4,DFS,True,42,16,5,True
"(1,2)","(1,0)",c4,BFS,True,20,20,6,True
"(1,2)","(0,1)",c1,DFS,True,4400,2435,627,True
"(1,2)","(0,1)",c1,BFS,True,20,20,6,True
"(1,2)","(0,1)",c2,DFS,True,3355,4533,1166,True
"(1,2)","(0,1)",c2,BFS,True,25,35,10,True
"(1,2)","(0,1)",c3,DFS,True,3451,1504,388,True
"(1,2)","(0,1)",c3,BFS,True,23,23,7,True
"(1,2)","(0,1)",c4,DFS,True,22,9,3,True
"(1,2)","(0,1)",c4,BFS,True,22,31,9,True
"(1,2)","(0,1)",c1,DFS,True,40,17,5,True
"(1,2)","(0,1)",c1,BFS,True,20,24,7,True
"(1,2)","(0,1)",c2,DFS,True,4635,4514,1158,True
"(1,2)","(0,1)",c2,BFS,True,25,38,11,True
"(1,2)","(0,1)",c3,DFS,True,23,8,3,True
"(1,2)","(0,1)",c3,BFS,True,22,39,11,True
"(1,2)","(0,1)",c4,DFS,True,366,145,39,True
"(1,2)","(0,1)",c4,BFS,True,23,35,10,True
"(1,2)","(0,1)",c1,DFS,True,60,22,7,True
"(1,2)","(0,1)",c1,BFS,True,20,39,11,True
"(1,2)","(0,1)",c2,DFS,True,45,14,5,True
"(1,2)","(0,1)",c2,BFS,True,25,20,6,True
"(1,2)","(0,1)",c3,DFS,True,167,64,18,True
"(1,2)","(0,1)",c3,BFS,True,22,23,7,True
"(1,2)","(0,1)",c4,DFS,True,4402,3320,852,True
"(1,2)","(0,1)",c4,BFS,True,22,27,8,True
"(1,2)","(0,1)",c1,DFS,True,180,69,20,True
"(1,2)","(0,1)",c1,BFS,True,20,35,10,True
"(1,2)","(0,1)",c2,DFS,True,1185,378,99,True
"(1,2)","(0,1)",c2,BFS,True,25,35,10,True
"(1,2)","(0,1)",c3,DFS,True,130,45,13,True
"(1,2)","(0,1)",c3,BFS,True,23,35,10,True
"(1,2)","(0,1)",c4,DFS,True,1153,6565,1681,True
"(1,2)","(0,1)",c4,BFS,True,23,23,7,True
"(1,2)","(0,1)",c1,DFS,True,140,52,15,True
"(1,2)","(0,1)",c1,BFS,True,20,35,10,True
"(1,2)","(0,1)",c2,DFS,True,1115,6708,1719,True
"(1,2)","(0,1)",c2,BFS,True,25,27,8,True
"(1,2)","(0,1)",c3,DFS,True,634,6861,1756,True
"(1,2)","(0,1)",c3,BFS,True,23,31,9,True
"(1,2)","(0,1)",c4,DFS,True,42,15,5,True
"(1,2)","(0,1)",c4,BFS,True,22,20,6,True
"(1,2)","(0,1)",c1,DFS,True,140,50,15,True
"(1,2)","(0,1)",c1,BFS,True,20,39,11,True
"(1,2)","(0,1)",c2,DFS,True,75,25,7,True
"(1,2)","(0,1)",c2,BFS,True,25,31,9,True
"(1,2)","(0,1)",c3,DFS,True,41,14,5,True
"(1,2)","(0,1)",c3,BFS,True,23,20,6,True
"(1,2)","(0,1)",c4,DFS,True,1528,6203,1593,True
"(1,2)","(0,1)",c4,BFS,True,23,20,6,True
"(1,2)","(0,1)",c1,DFS,True,160,7172,1839,True
"(1,2)","(0,1)",c1,BFS,True,20,20,6,True
"(1,2)","(0,1)",c2,DFS,True,45,14,5,True
"(1,2)","(0,1)",c2,BFS,True,25,23,7,True
"(1,2)","(0,1)",c3,DFS,True,136,46,13,True
"(1,2)","(0,1)",c3,BFS,True,22,31,9,True
"(1,2)","(0,1)",c4,DFS,True,130,7187,1842,True
"(1,2)","(0,1)",c4,BFS,True,22,39,11,True
"(1,2)","(0,1)",c1,DFS,True,20,8,3,True
"(1,2)","(0,1)",c1,BFS,True,20,42,12,True
"(1,2)","(0,1)",c2,DFS,True,45,14,5,True
"(1,2)","(0,1)",c2,BFS,True,25,38,11,True
"(1,2)","(0,1)",c3,DFS,True,61,22,7,True
"(1,2)","(0,1)",c3,BFS,True,23,39,11,True
"(1,2)","(0,1)",c4,DFS,True,98,39,11,True
"(1,2)","(0,1)",c4,BFS,True,23,23,7,True
"(1,2)","(0,1)",c1,DFS,True,20,8,3,True
"(1,2)","(0,1)",c1,BFS,True,20,32,9,True
"(1,2)","(0,1)",c2,DFS,True,145,46,13,True
"(1,2)","(0,1)",c2,BFS,True,25,20,6,True
"(1,2)","(0,1)",c3,DFS,True,4255,2442,623,True
"(1,2)","(0,1)",c3,BFS,True,22,20,6,True
"(1,2)","(0,1)",c4,DFS,True,2791,1192,309,True
"(1,2)","(0,1)",c4,BFS,True,22,38,11,True
"(1,2)","(0,1)",c1,DFS,True,620,252,66,True
"(1,2)","(0,1)",c1,BFS,True,20,39,11,True
"(1,2)","(0,1)",c2,DFS,True,25,8,3,True
"(1,2)","(0,1)",c2,BFS,True,25,35,10,True
"(1,2)","(0,1)",c3,DFS,True,5241,3982,1028,True
"(1,2)","(0,1)",c3,BFS,True,23,23,7,True
"(1,2)","(0,1)",c4,DFS,True,61,23,7,True
"(1,2)","(0,1)",c4,BFS,True,22,24,7,True
"(0,0)","(1,0)",c1,DFS,True,90,33,10,True
"(0,0)","(1,0)",c1,BFS,True,10,6,3,True
"(0,0)","(1,0)",c2,DFS,True,85,7225,1851,True
"(0,0)","(1,0)",c2,BFS,True,15,3,2,True
"(0,0)","(1,0)",c3,DFS,True,541,7021,1799,True
"(0,0)","(1,0)",c3,BFS,True,13,3,2,True
"(0,0)","(1,0)",c4,DFS,True,13,3,2,True
"(0,0)","(1,0)",c4,BFS,True,13,6,3,True
"(0,0)","(1,0)",c1,DFS,True,3590,4810,1243,True
"(0,0)","(1,0)",c1,BFS,True,10,3,2,True
"(0,0)","(1,0)",c2,DFS,True,15,3,2,True
"(0,0)","(1,0)",c2,BFS,True,15,6,3,True
"(0,0)","(1,0)",c3,DFS,True,3976,2770,722,True
"(0,0)","(1,0)",c3,BFS,True,13,6,3,True
"(0,0)","(1,0)",c4,DFS,True,13,3,2,True
"(0,0)","(1,0)",c4,BFS,True,13,6,3,True
"(0,0)","(1,0)",c1,DFS,True,10,3,2,True
"(0,0)","(1,0)",c1,BFS,True,10,3,2,True
"(0,0)","(1,0)",c2,DFS,True,15,3,2,True
"(0,0)","(1,0)",c2,BFS,True,15,3,2,True
"(0,0)","(1,0)",c3,DFS,True,192,7185,1839,True
"(0,0)","(1,0)",c3,BFS,True,13,6,3,True
"(0,0)","(1,0)",c4,DFS,True,32,10,4,True
"(0,0)","(1,0)",c4,BFS,True,13,3,2,True
"(0,0)","(1,0)",c1,DFS,True,10,3,2,True
"(0,0)","(1,0)",c1,BFS,True,10,6,3,True
"(0,0)","(1,0)",c2,DFS,True,15,3,2,True
"(0,0)","(1,0)",c2,BFS,True,15,3,2,True
"(0,0)","(1,0)",c3,DFS,True,170,7177,1841,True
"(0,0)","(1,0)",c3,BFS,True,13,3,2,True
"(0,0)","(1,0)",c4,DFS,True,13,3,2,True
"(0,0)","(1,0)",c4,BFS,True,13,3,2,True
"(0,0)","(1,0)",c1,DFS,True,10,3,2,True
"(0,0)","(1,0)",c1,BFS,True,10,3,2,True
"(0,0)","(1,0)",c2,DFS,True,465,159,43,True
"(0,0)","(1,0)",c2,BFS,True,15,3,2,True
"(0,0)","(1,0)",c3,DFS,True,419,6992,1792,True
"(0,0)","(1,0)",c3,BFS,True,13,3,2,True
"(0,0)","(1,0)",c4,DFS,True,816,355,93,True
"(0,0)","(1,0)",c4,BFS,True,13,3,2,True
"(0,0)","(1,0)",c1,DFS,True,3570,5019,1290,True
"(0,0)","(1,0)",c1,BFS,True,10,6,3,True
"(0,0)","(1,0)",c2,DFS,True,15,3,2,True
"(0,0)","(1,0)",c2,BFS,True,15,3,2,True
"(0,0)","(1,0)",c3,DFS,True,118,7218,1849,True
"(0,0)","(1,0)",c3,BFS,True,13,3,2,True
"(0,0)","(1,0)",c4,DFS,True,138,7193,1843,True
"(0,0)","(1,0)",c4,BFS,True,13,3,2,True
"(0,0)","(1,0)",c1,DFS,True,770,6866,1761,True
"(0,0)","(1,0)",c1,BFS,True,10,3,2,True
"(0,0)","(1,0)",c2,DFS,True,235,79,22,True
"(0,0)","(1,0)",c2,BFS,True,15,6,3,True
"(0,0)","(1,0)",c3,DFS,True,32,10,4,True
"(0,0)","(1,0)",c3,BFS,True,13,6,3,True
"(0,0)","(1,0)",c4,DFS,True,342,7068,1811,True
"(0,0)","(1,0)",c4,BFS,True,13,6,3,True
"(0,0)","(1,0)",c1,DFS,True,10,3,2,True
"(0,0)","(1,0)",c1,BFS,True,10,6,3,True
"(0,0)","(1,0)",c2,DFS,True,4655,1972,511,True
"(0,0)","(1,0)",c2,BFS,True,15,3,2,True
"(0,0)","(1,0)",c3,DFS,True,13,3,2,True
"(0,0)","(1,0)",c3,BFS,True,13,6,3,True
"(0,0)","(1,0)",c4,DFS,True,1517,700,180,True
"(0,0)","(1,0)",c4,BFS,True,13,3,2,True
"(0,0)","(1,0)",c1,DFS,True,10,3,2,True
"(0,0)","(1,0)",c1,BFS,True,10,3,2,True
"(0,0)","(1,0)",c2,DFS,True,15,3,2,True
"(0,0)","(1,0)",c2,BFS,True,15,3,2,True
"(0,0)","(1,0)",c3,DFS,True,776,6904,1769,True
"(0,0)","(1,0)",c3,BFS,True,13,6,3,True
"(0,0)","(1,0)",c4,DFS,True,13,3,2,True
"(0,0)","(1,0)",c4,BFS,True,13,3,2,True
"(0,0)","(1,0)",c1,DFS,True,10,3,2,True
"(0,0)","(1,0)",c1,BFS,True,10,6,3,True
"(0,0)","(1,0)",c2,DFS,True,65,17,6,True
"(0,0)","(1,0)",c2,BFS,True,15,6,3,True
"(0,0)","(1,0)",c3,DFS,True,13,3,2,True
"(0,0)","(1,0)",c3,BFS,True,13,3,2,True
"(0,0)","(1,0)",c4,DFS,True,13,3,2,True
"(0,0)","(1,0)",c4,BFS,True,13,6,3,True
"(3,2)","(1,1)",c1,DFS,True,110,43,12,True
"(3,2)","(1,1)",c1,BFS,True,30,86,23,True
"(3,2)","(1,1)",c2,DFS,True,110,31,10,True
"(3,2)","(1,1)",c2,BFS,True,40,75,20,True
"(3,2)","(1,1)",c3,DFS,True,2269,967,252,True
"(3,2)","(1,1)",c3,BFS,True,33,74,20,True
"(3,2)","(1,1)",c4,DFS,True,1196,544,140,True
"(3,2)","(1,1)",c4,BFS,True,33,83,22,True
"(3,2)","(1,1)",c1,DFS,True,150,57,16,True
"(3,2)","(1,1)",c1,BFS,True,30,82,22,True
"(3,2)","(1,1)",c2,DFS,True,40,13,4,True
"(3,2)","(1,1)",c2,BFS,True,40,74,20,True
"(3,2)","(1,1)",c3,DFS,True,1469,6325,1621,True
"(3,2)","(1,1)",c3,BFS,True,35,55,15,True
"(3,2)","(1,1)",c4,DFS,True,183,74,20,True
"(3,2)","(1,1)",c4,BFS,True,35,72,19,True
"(3,2)","(1,1)",c1,DFS,True,270,99,28,True
"(3,2)","(1,1)",c1,BFS,True,30,59,16,True
"(3,2)","(1,1)",c2,DFS,True,1480,6641,1705,True
"(3,2)","(1,1)",c2,BFS,True,40,52,14,True
"(3,2)","(1,1)",c3,DFS,True,342,217,56,True
"(3,2)","(1,1)",c3,BFS,True,33,74,20,True
"(3,2)","(1,1)",c4,DFS,True,1844,746,189,True
"(3,2)","(1,1)",c4,BFS,True,33,75,20,True
"(3,2)","(1,1)",c1,DFS,True,750,305,80,True
"(3,2)","(1,1)",c1,BFS,True,30,79,21,True
"(3,2)","(1,1)",c2,DFS,True,4190,3403,874,True
"(3,2)","(1,1)",c2,BFS,True,40,72,19,True
"(3,2)","(1,1)",c3,DFS,True,4341,2099,543,True
"(3,2)","(1,1)",c3,BFS,True,33,52,14,True
"(3,2)","(1,1)",c4,DFS,True,1037,6681,1713,True
"(3,2)","(1,1)",c4,BFS,True,34,82,22,True
"(3,2)","(1,1)",c1,DFS,True,90,35,10,True
"(3,2)","(1,1)",c1,BFS,True,30,55,15,True
"(3,2)","(1,1)",c2,DFS,True,5430,3219,836,True
"(3,2)","(1,1)",c2,BFS,True,40,52,14,True
"(3,2)","(1,1)",c3,DFS,True,75,25,8,True
"(3,2)","(1,1)",c3,BFS,True,34,55,15,True
"(3,2)","(1,1)",c4,DFS,True,118,53,14,True
"(3,2)","(1,1)",c4,BFS,True,34,71,19,True
"(3,2)","(1,1)",c1,DFS,True,70,25,8,True
"(3,2)","(1,1)",c1,BFS,True,30,83,22,True
"(3,2)","(1,1)",c2,DFS,True,1090,433,111,True
"(3,2)","(1,1)",c2,BFS,True,40,55,15,True
"(3,2)","(1,1)",c3,DFS,True,2086,1056,268,True
"(3,2)","(1,1)",c3,BFS,True,34,79,21,True
"(3,2)","(1,1)",c4,DFS,True,69,24,8,True
"(3,2)","(1,1)",c4,BFS,True,34,63,17,True
"(3,2)","(1,1)",c1,DFS,True,3090,4978,1286,True
"(3,2)","(1,1)",c1,BFS,True,30,72,19,True
"(3,2)","(1,1)",c2,DFS,True,1030,356,94,True
"(3,2)","(1,1)",c2,BFS,True,40,52,14,True
"(3,2)","(1,1)",c3,DFS,True,98,37,10,True
"(3,2)","(1,1)",c3,BFS,True,33,59,16,True
"(3,2)","(1,1)",c4,DFS,True,4470,3454,885,True
"(3,2)","(1,1)",c4,BFS,True,35,72,19,True
"(3,2)","(1,1)",c1,DFS,True,50,19,6,True
"(3,2)","(1,1)",c1,BFS,True,30,55,15,True
"(3,2)","(1,1)",c2,DFS,True,560,7023,1800,True
"(3,2)","(1,1)",c2,BFS,True,40,52,14,True
"(3,2)","(1,1)",c3,DFS,True,3716,5310,1366,True
"(3,2)","(1,1)",c3,BFS,True,33,86,23,True
"(3,2)","(1,1)",c4,DFS,True,927,357,94,True
"(3,2)","(1,1)",c4,BFS,True,33,58,16,True
"(3,2)","(1,1)",c1,DFS,True,4890,3805,983,True
"(3,2)","(1,1)",c1,BFS,True,30,72,19,True
"(3,2)","(1,1)",c2,DFS,True,840,261,70,True
"(3,2)","(1,1)",c2,BFS,True,40,62,17,True
"(3,2)","(1,1)",c3,DFS,True,244,7157,1832,True
"(3,2)","(1,1)",c3,BFS,True,34,79,21,True
"(3,2)","(1,1)",c4,DFS,True,88,32,10,True
"(3,2)","(1,1)",c4,BFS,True,34,72,19,True
"(3,2)","(1,1)",c1,DFS,True,2610,1552,402,True
"(3,2)","(1,1)",c1,BFS,True,30,55,15,True
"(3,2)","(1,1)",c2,DFS,True,240,73,20,True
"(3,2)","(1,1)",c2,BFS,True,40,60,16,True
"(3,2)","(1,1)",c3,DFS,True,375,127,34,True
"(3,2)","(1,1)",c3,BFS,True,34,52,14,True
"(3,2)","(1,1)",c4,DFS,True,1094,427,113,True
"(3,2)","(1,1)",c4,BFS,True,33,62,17,True
"(0,0)","(3,0)",c1,DFS,True,70,25,8,True
"(0,0)","(3,0)",c1,BFS,True,30,27,9,True
"(0,0)","(3,0)",c2,DFS,True,3025,2073,526,True
"(0,0)","(3,0)",c2,BFS,True,45,30,10,True
"(0,0)","(3,0)",c3,DFS,True,1192,6674,1713,True
"(0,0)","(3,0)",c3,BFS,True,36,30,10,True
"(0,0)","(3,0)",c4,DFS,True,53,18,6,True
"(0,0)","(3,0)",c4,BFS,True,36,19,7,True
"(0,0)","(3,0)",c1,DFS,True,50,17,6,True
"(0,0)","(3,0)",c1,BFS,True,30,30,10,True
"(0,0)","(3,0)",c2,DFS,True,45,9,4,True
"(0,0)","(3,0)",c2,BFS,True,45,23,8,True
"(0,0)","(3,0)",c3,DFS,True,2876,4616,1188,True
"(0,0)","(3,0)",c3,BFS,True,36,30,10,True
"(0,0)","(3,0)",c4,DFS,True,3857,3591,925,True
"(0,0)","(3,0)",c4,BFS,True,36,30,10,True
"(0,0)","(3,0)",c1,DFS,True,50,17,6,True
"(0,0)","(3,0)",c1,BFS,True,30,30,10,True
"(0,0)","(3,0)",c2,DFS,True,1555,546,141,True
"(0,0)","(3,0)",c2,BFS,True,45,27,9,True
"(0,0)","(3,0)",c3,DFS,True,97,32,10,True
"(0,0)","(3,0)",c3,BFS,True,36,23,8,True
"(0,0)","(3,0)",c4,DFS,True,72,26,8,True
"(0,0)","(3,0)",c4,BFS,True,36,23,8,True
"(0,0)","(3,0)",c1,DFS,True,3310,2300,588,True
"(0,0)","(3,0)",c1,BFS,True,30,23,8,True
"(0,0)","(3,0)",c2,DFS,True,6665,3512,907,True
"(0,0)","(3,0)",c2,BFS,True,45,30,10,True
"(0,0)","(3,0)",c3,DFS,True,36,9,4,True
"(0,0)","(3,0)",c3,BFS,True,36,23,8,True
"(0,0)","(3,0)",c4,DFS,True,217,88,24,True
"(0,0)","(3,0)",c4,BFS,True,36,30,10,True
"(0,0)","(3,0)",c1,DFS,True,1250,6264,1609,True
"(0,0)","(3,0)",c1,BFS,True,30,30,10,True
"(0,0)","(3,0)",c2,DFS,True,135,39,12,True
"(0,0)","(3,0)",c2,BFS,True,45,30,10,True
"(0,0)","(3,0)",c3,DFS,True,36,9,4,True
"(0,0)","(3,0)",c3,BFS,True,36,23,8,True
"(0,0)","(3,0)",c4,DFS,True,53,18,6,True
"(0,0)","(3,0)",c4,BFS,True,36,30,10,True
"(0,0)","(3,0)",c1,DFS,True,30,9,4,True
"(0,0)","(3,0)",c1,BFS,True,30,30,10,True
"(0,0)","(3,0)",c2,DFS,True,175,7191,1843,True
"(0,0)","(3,0)",c2,BFS,True,45,30,10,True
"(0,0)","(3,0)",c3,DFS,True,141,49,14,True
"(0,0)","(3,0)",c3,BFS,True,36,30,10,True
"(0,0)","(3,0)",c4,DFS,True,102,7194,1843,True
"(0,0)","(3,0)",c4,BFS,True,36,27,9,True
"(0,0)","(3,0)",c1,DFS,True,30,9,4,True
"(0,0)","(3,0)",c1,BFS,True,30,19,7,True
"(0,0)","(3,0)",c2,DFS,True,2525,1456,374,True
"(0,0)","(3,0)",c2,BFS,True,45,27,9,True
"(0,0)","(3,0)",c3,DFS,True,36,9,4,True
"(0,0)","(3,0)",c3,BFS,True,36,27,9,True
"(0,0)","(3,0)",c4,DFS,True,53,17,6,True
"(0,0)","(3,0)",c4,BFS,True,36,30,10,True
"(0,0)","(3,0)",c1,DFS,True,230,7113,1823,True
"(0,0)","(3,0)",c1,BFS,True,30,23,8,True
"(0,0)","(3,0)",c2,DFS,True,5655,3937,1016,True
"(0,0)","(3,0)",c2,BFS,True,45,19,7,True
"(0,0)","(3,0)",c3,DFS,True,144,7189,1844,True
"(0,0)","(3,0)",c3,BFS,True,36,27,9,True
"(0,0)","(3,0)",c4,DFS,True,297,116,32,True
"(0,0)","(3,0)",c4,BFS,True,36,27,9,True
"(0,0)","(3,0)",c1,DFS,True,170,67,19,True
"(0,0)","(3,0)",c1,BFS,True,30,27,9,True
"(0,0)","(3,0)",c2,DFS,True,65,20,7,True
"(0,0)","(3,0)",c2,BFS,True,45,27,9,True
"(0,0)","(3,0)",c3,DFS,True,77,7215,1849,True
"(0,0)","(3,0)",c3,BFS,True,36,30,10,True
"(0,0)","(3,0)",c4,DFS,True,510,6934,1777,True
"(0,0)","(3,0)",c4,BFS,True,36,27,9,True
"(0,0)","(3,0)",c1,DFS,True,90,31,10,True
"(0,0)","(3,0)",c1,BFS,True,30,27,9,True
"(0,0)","(3,0)",c2,DFS,True,4825,3885,1003,True
"(0,0)","(3,0)",c2,BFS,True,45,30,10,True
"(0,0)","(3,0)",c3,DFS,True,76,25,8,True
"(0,0)","(3,0)",c3,BFS,True,36,30,10,True
"(0,0)","(3,0)",c4,DFS,True,2960,2475,632,True
"(0,0)","(3,0)",c4,BFS,True,36,30,10,True
"(1,2)","(2,1)",c1,DFS,True,340,197,51,True
"(1,2)","(2,1)",c1,BFS,True,20,26,8,True
"(1,2)","(2,1)",c2,DFS,True,105,33,9,True
"(1,2)","(2,1)",c2,BFS,True,25,30,9,True
"(1,2)","(2,1)",c3,DFS,True,113,34,11,True
"(1,2)","(2,1)",c3,BFS,True,22,26,8,True
"(1,2)","(2,1)",c4,DFS,True,22,9,3,True
"(1,2)","(2,1)",c4,BFS,True,23,28,8,True
"(1,2)","(2,1)",c1,DFS,True,20,9,3,True
"(1,2)","(2,1)",c1,BFS,True,20,26,8,True
"(1,2)","(2,1)",c2,DFS,True,715,380,99,True
"(1,2)","(2,1)",c2,BFS,True,25,34,10,True
"(1,2)","(2,1)",c3,DFS,True,22,9,3,True
"(1,2)","(2,1)",c3,BFS,True,23,20,6,True
"(1,2)","(2,1)",c4,DFS,True,1632,732,185,True
"(1,2)","(2,1)",c4,BFS,True,22,31,9,True
"(1,2)","(2,1)",c1,DFS,True,380,7005,1794,True
"(1,2)","(2,1)",c1,BFS,True,20,34,10,True
"(1,2)","(2,1)",c2,DFS,True,725,235,65,True
"(1,2)","(2,1)",c2,BFS,True,25,37,11,True
"(1,2)","(2,1)",c3,DFS,True,87,26,9,True
"(1,2)","(2,1)",c3,BFS,True,23,35,10,True
"(1,2)","(2,1)",c4,DFS,True,422,169,46,True
"(1,2)","(2,1)",c4,BFS,True,22,29,9,True
"(1,2)","(2,1)",c1,DFS,True,20,9,3,True
"(1,2)","(2,1)",c1,BFS,True,20,20,6,True
"(1,2)","(2,1)",c2,DFS,True,815,274,73,True
"(1,2)","(2,1)",c2,BFS,True,25,23,7,True
"(1,2)","(2,1)",c3,DFS,True,712,269,71,True
"(1,2)","(2,1)",c3,BFS,True,23,28,8,True
"(1,2)","(2,1)",c4,DFS,True,62,19,7,True
"(1,2)","(2,1)",c4,BFS,True,22,23,7,True
"(1,2)","(2,1)",c1,DFS,True,60,20,7,True
"(1,2)","(2,1)",c1,BFS,True,20,28,8,True
"(1,2)","(2,1)",c2,DFS,True,5025,3998,1030,True
"(1,2)","(2,1)",c2,BFS,True,25,37,11,True
"(1,2)","(2,1)",c3,DFS,True,23,9,3,True
"(1,2)","(2,1)",c3,BFS,True,22,26,8,True
"(1,2)","(2,1)",c4,DFS,True,115,7192,1846,True
"(1,2)","(2,1)",c4,BFS,True,22,34,10,True
"(1,2)","(2,1)",c1,DFS,True,3500,1696,446,True
"(1,2)","(2,1)",c1,BFS,True,20,20,6,True
"(1,2)","(2,1)",c2,DFS,True,205,60,17,True
"(1,2)","(2,1)",c2,BFS,True,25,30,9,True
"(1,2)","(2,1)",c3,DFS,True,23,9,3,True
"(1,2)","(2,1)",c3,BFS,True,23,24,7,True
"(1,2)","(2,1)",c4,DFS,True,76,27,9,True
"(1,2)","(2,1)",c4,BFS,True,22,23,7,True
"(1,2)","(2,1)",c1,DFS,True,4100,3189,825,True
"(1,2)","(2,1)",c1,BFS,True,20,31,9,True
"(1,2)","(2,1)",c2,DFS,True,1195,861,220,True
"(1,2)","(2,1)",c2,BFS,True,25,37,11,True
"(1,2)","(2,1)",c3,DFS,True,23,9,3,True
"(1,2)","(2,1)",c3,BFS,True,22,26,8,True
"(1,2)","(2,1)",c4,DFS,True,22,9,3,True
"(1,2)","(2,1)",c4,BFS,True,22,26,8,True
"(1,2)","(2,1)",c1,DFS,True,40,17,5,True
"(1,2)","(2,1)",c1,BFS,True,20,24,7,True
"(1,2)","(2,1)",c2,DFS,True,1325,6695,1717,True
"(1,2)","(2,1)",c2,BFS,True,25,26,8,True
"(1,2)","(2,1)",c3,DFS,True,109,39,11,True
"(1,2)","(2,1)",c3,BFS,True,22,37,11,True
"(1,2)","(2,1)",c4,DFS,True,150,61,17,True
"(1,2)","(2,1)",c4,BFS,True,22,23,7,True
"(1,2)","(2,1)",c1,DFS,True,3600,3753,964,True
"(1,2)","(2,1)",c1,BFS,True,20,28,8,True
"(1,2)","(2,1)",c2,DFS,True,25,9,3,True
"(1,2)","(2,1)",c2,BFS,True,25,20,6,True
"(1,2)","(2,1)",c3,DFS,True,327,104,29,True
"(1,2)","(2,1)",c3,BFS,True,22,26,8,True
"(1,2)","(2,1)",c4,DFS,True,184,75,21,True
"(1,2)","(2,1)",c4,BFS,True,23,24,7,True
"(1,2)","(2,1)",c1,DFS,True,2500,1033,267,True
"(1,2)","(2,1)",c1,BFS,True,20,23,7,True
"(1,2)","(2,1)",c2,DFS,True,115,35,11,True
"(1,2)","(2,1)",c2,BFS,True,25,23,7,True
"(1,2)","(2,1)",c3,DFS,True,4285,4828,1247,True
"(1,2)","(2,1)",c3,BFS,True,22,20,6,True
"(1,2)","(2,1)",c4,DFS,True,45,17,5,True
"(1,2)","(2,1)",c4,BFS,True,23,31,9,True
"(3,3)","(0,0)",c1,DFS,True,4780,2426,630,True
"(3,3)","(0,0)",c1,BFS,True,60,249,66,True
"(3,3)","(0,0)",c2,DFS,True,1685,714,185,True
"(3,3)","(0,0)",c2,BFS,True,75,210,56,True
"(3,3)","(0,0)",c3,DFS,True,305,101,27,True
"(3,3)","(0,0)",c3,BFS,True,66,238,63,True
"(3,3)","(0,0)",c4,DFS,True,127,7177,1840,True
"(3,3)","(0,0)",c4,BFS,True,65,245,65,True
"(3,3)","(0,0)",c1,DFS,True,1220,6500,1665,True
"(3,3)","(0,0)",c1,BFS,True,60,203,54,True
"(3,3)","(0,0)",c2,DFS,True,445,142,38,True
"(3,3)","(0,0)",c2,BFS,True,75,214,57,True
"(3,3)","(0,0)",c3,DFS,True,2512,1236,319,True
"(3,3)","(0,0)",c3,BFS,True,65,238,63,True
"(3,3)","(0,0)",c4,DFS,True,2475,1279,334,True
"(3,3)","(0,0)",c4,BFS,True,60,203,54,True
"(3,3)","(0,0)",c1,DFS,True,3620,4202,1085,True
"(3,3)","(0,0)",c1,BFS,True,60,249,66,True
"(3,3)","(0,0)",c2,DFS,True,2945,5696,1464,True
"(3,3)","(0,0)",c2,BFS,True,75,214,57,True
"(3,3)","(0,0)",c3,DFS,True,672,6700,1719,True
"(3,3)","(0,0)",c3,BFS,True,64,238,63,True
"(3,3)","(0,0)",c4,DFS,True,449,190,50,True
"(3,3)","(0,0)",c4,BFS,True,65,253,67,True
"(3,3)","(0,0)",c1,DFS,True,60,22,7,True
"(3,3)","(0,0)",c1,BFS,True,60,238,63,True
"(3,3)","(0,0)",c2,DFS,True,705,6991,1790,True
"(3,3)","(0,0)",c2,BFS,True,75,206,55,True
"(3,3)","(0,0)",c3,DFS,True,63,23,7,True
"(3,3)","(0,0)",c3,BFS,True,65,238,63,True
"(3,3)","(0,0)",c4,DFS,True,63,24,7,True
"(3,3)","(0,0)",c4,BFS,True,61,238,63,True
"(3,3)","(0,0)",c1,DFS,True,120,47,13,True
"(3,3)","(0,0)",c1,BFS,True,60,253,67,True
"(3,3)","(0,0)",c2,DFS,True,5125,2269,580,True
"(3,3)","(0,0)",c2,BFS,True,75,210,56,True
"(3,3)","(0,0)",c3,DFS,True,800,277,74,True
"(3,3)","(0,0)",c3,BFS,True,66,203,54,True
"(3,3)","(0,0)",c4,DFS,True,885,6326,1622,True
"(3,3)","(0,0)",c4,BFS,True,61,203,54,True
"(3,3)","(0,0)",c1,DFS,True,3940,3009,774,True
"(3,3)","(0,0)",c1,BFS,True,60,214,57,True
"(3,3)","(0,0)",c2,DFS,True,2935,973,247,True
"(3,3)","(0,0)",c2,BFS,True,75,210,56,True
"(3,3)","(0,0)",c3,DFS,True,2656,1480,378,True
"(3,3)","(0,0)",c3,BFS,True,66,249,66,True
"(3,3)","(0,0)",c4,DFS,True,1981,5788,1485,True
"(3,3)","(0,0)",c4,BFS,True,58,253,67,True
"(3,3)","(0,0)",c1,DFS,True,4440,4140,1073,True
"(3,3)","(0,0)",c1,BFS,True,60,203,54,True
"(3,3)","(0,0)",c2,DFS,True,1885,6333,1625,True
"(3,3)","(0,0)",c2,BFS,True,75,203,54,True
"(3,3)","(0,0)",c3,DFS,True,216,74,21,True
"(3,3)","(0,0)",c3,BFS,True,64,203,54,True
"(3,3)","(0,0)",c4,DFS,True,710,6690,1717,True
"(3,3)","(0,0)",c4,BFS,True,64,203,54,True
"(3,3)","(0,0)",c1,DFS,True,1400,6493,1667,True
"(3,3)","(0,0)",c1,BFS,True,60,253,67,True
"(3,3)","(0,0)",c2,DFS,True,5405,3445,877,True
"(3,3)","(0,0)",c2,BFS,True,75,253,67,True
"(3,3)","(0,0)",c3,DFS,True,669,301,79,True
"(3,3)","(0,0)",c3,BFS,True,65,249,66,True
"(3,3)","(0,0)",c4,DFS,True,787,6736,1729,True
"(3,3)","(0,0)",c4,BFS,True,64,238,63,True
"(3,3)","(0,0)",c1,DFS,True,160,57,17,True
"(3,3)","(0,0)",c1,BFS,True,60,210,56,True
"(3,3)","(0,0)",c2,DFS,True,425,130,36,True
"(3,3)","(0,0)",c2,BFS,True,75,203,54,True
"(3,3)","(0,0)",c3,DFS,True,3539,4770,1229,True
"(3,3)","(0,0)",c3,BFS,True,63,203,54,True
"(3,3)","(0,0)",c4,DFS,True,63,23,7,True
"(3,3)","(0,0)",c4,BFS,True,63,253,67,True
"(3,3)","(0,0)",c1,DFS,True,5200,3063,796,True
"(3,3)","(0,0)",c1,BFS,True,60,253,67,True
"(3,3)","(0,0)",c2,DFS,True,4665,5085,1306,True
"(3,3)","(0,0)",c2,BFS,True,75,210,56,True
"(3,3)","(0,0)",c3,DFS,True,63,22,7,True
"(3,3)","(0,0)",c3,BFS,True,65,203,54,True
"(3,3)","(0,0)",c4,DFS,True,305,7099,1820,True
"(3,3)","(0,0)",c4,BFS,True,65,253,67,True
"(1,0)","(1,1)",c1,DFS,True,10,4,2,True
"(1,0)","(1,1)",c1,BFS,True,10,7,3,True
"(1,0)","(1,1)",c2,DFS,True,40,9,4,True
"(1,0)","(1,1)",c2,BFS,True,10,9,4,True
"(1,0)","(1,1)",c3,DFS,True,10,4,2,True
"(1,0)","(1,1)",c3,BFS,True,10,4,2,True
"(1,0)","(1,1)",c4,DFS,True,1986,943,247,True
"(1,0)","(1,1)",c4,BFS,True,10,9,4,True
"(1,0)","(1,1)",c1,DFS,True,10,4,2,True
"(1,0)","(1,1)",c1,BFS,True,10,4,2,True
"(1,0)","(1,1)",c2,DFS,True,40,9,4,True
"(1,0)","(1,1)",c2,BFS,True,10,7,3,True
"(1,0)","(1,1)",c3,DFS,True,56,18,6,True
"(1,0)","(1,1)",c3,BFS,True,10,4,2,True
"(1,0)","(1,1)",c4,DFS,True,10,4,2,True
"(1,0)","(1,1)",c4,BFS,True,10,4,2,True
"(1,0)","(1,1)",c1,DFS,True,10,4,2,True
"(1,0)","(1,1)",c1,BFS,True,10,4,2,True
"(1,0)","(1,1)",c2,DFS,True,600,195,52,True
"(1,0)","(1,1)",c2,BFS,True,10,6,3,True
"(1,0)","(1,1)",c3,DFS,True,4134,4621,1191,True
"(1,0)","(1,1)",c3,BFS,True,10,9,4,True
"(1,0)","(1,1)",c4,DFS,True,34,9,4,True
"(1,0)","(1,1)",c4,BFS,True,10,9,4,True
"(1,0)","(1,1)",c1,DFS,True,30,11,4,True
"(1,0)","(1,1)",c1,BFS,True,10,7,3,True
"(1,0)","(1,1)",c2,DFS,True,40,11,4,True
"(1,0)","(1,1)",c2,BFS,True,10,6,3,True
"(1,0)","(1,1)",c3,DFS,True,3242,5312,1370,True
"(1,0)","(1,1)",c3,BFS,True,10,6,3,True
"(1,0)","(1,1)",c4,DFS,True,91,30,10,True
"(1,0)","(1,1)",c4,BFS,True,10,4,2,True
"(1,0)","(1,1)",c1,DFS,True,30,9,4,True
"(1,0)","(1,1)",c1,BFS,True,10,4,2,True
"(1,0)","(1,1)",c2,DFS,True,10,4,2,True
"(1,0)","(1,1)",c2,BFS,True,10,9,4,True
"(1,0)","(1,1)",c3,DFS,True,34,9,4,True
"(1,0)","(1,1)",c3,BFS,True,10,4,2,True
"(1,0)","(1,1)",c4,DFS,True,10,4,2,True
"(1,0)","(1,1)",c4,BFS,True,10,4,2,True
"(1,0)","(1,1)",c1,DFS,True,2490,4660,1204,True
"(1,0)","(1,1)",c1,BFS,True,10,6,3,True
"(1,0)","(1,1)",c2,DFS,True,40,9,4,True
"(1,0)","(1,1)",c2,BFS,True,10,4,2,True
"(1,0)","(1,1)",c3,DFS,True,10,4,2,True
"(1,0)","(1,1)",c3,BFS,True,10,7,3,True
"(1,0)","(1,1)",c4,DFS,True,34,9,4,True
"(1,0)","(1,1)",c4,BFS,True,10,9,4,True
"(1,0)","(1,1)",c1,DFS,True,50,18,6,True
"(1,0)","(1,1)",c1,BFS,True,10,9,4,True
"(1,0)","(1,1)",c2,DFS,True,10,4,2,True
"(1,0)","(1,1)",c2,BFS,True,10,4,2,True
"(1,0)","(1,1)",c3,DFS,True,34,9,4,True
"(1,0)","(1,1)",c3,BFS,True,10,4,2,True
"(1,0)","(1,1)",c4,DFS,True,3065,1615,419,True
"(1,0)","(1,1)",c4,BFS,True,10,9,4,True
"(1,0)","(1,1)",c1,DFS,True,10,4,2,True
"(1,0)","(1,1)",c1,BFS,True,10,9,4,True
"(1,0)","(1,1)",c2,DFS,True,40,9,4,True
"(1,0)","(1,1)",c2,BFS,True,10,9,4,True
"(1,0)","(1,1)",c3,DFS,True,1498,595,154,True
"(1,0)","(1,1)",c3,BFS,True,10,7,3,True
"(1,0)","(1,1)",c4,DFS,True,10,4,2,True
"(1,0)","(1,1)",c4,BFS,True,10,4,2,True
"(1,0)","(1,1)",c1,DFS,True,10,4,2,True
"(1,0)","(1,1)",c1,BFS,True,10,9,4,True
"(1,0)","(1,1)",c2,DFS,True,910,285,75,True
"(1,0)","(1,1)",c2,BFS,True,10,9,4,True
"(1,0)","(1,1)",c3,DFS,True,10,4,2,True
"(1,0)","(1,1)",c3,BFS,True,10,9,4,True
"(1,0)","(1,1)",c4,DFS,True,10,4,2,True
"(1,0)","(1,1)",c4,BFS,True,10,4,2,True
"(1,0)","(1,1)",c1,DFS,True,1190,6600,1691,True
"(1,0)","(1,1)",c1,BFS,True,10,9,4,True
"(1,0)","(1,1)",c2,DFS,True,2010,6244,1601,True
"(1,0)","(1,1)",c2,BFS,True,10,6,3,True
"(1,0)","(1,1)",c3,DFS,True,74,23,8,True
"(1,0)","(1,1)",c3,BFS,True,10,9,4,True
"(1,0)","(1,1)",c4,DFS,True,53,19,6,True
"(1,0)","(1,1)",c4,BFS,True,10,4,2,True
